-- Journey OS — Researched Destination & Package Data
-- Generated from real web research conducted 2026-06-25 (see RESEARCH_METHODOLOGY.md).
-- IMPORTANT: rows are flagged needs_owner_review = TRUE where applicable —
-- this is market-researched starting content, not confirmed sellable pricing.
-- Requires the Stage B schema (001-006 migrations) already applied, PLUS the
-- packages/package_components extension below (run that first if not present).

-- ============================================================
-- SCHEMA EXTENSION: packages + package_components
-- (per JourneyOS_Full_Product_Audit_Configurator_Strategy.md §7
--  and JourneyOS_Pivot_Addendum_2.md §B2)
-- ============================================================

ALTER TABLE countries ADD COLUMN IF NOT EXISTS visa_note text;
ALTER TABLE countries ADD COLUMN IF NOT EXISTS visa_last_verified date;
ALTER TABLE countries ADD COLUMN IF NOT EXISTS visa_volatile boolean NOT NULL DEFAULT false;
ALTER TABLE experiences ADD COLUMN IF NOT EXISTS needs_owner_review boolean NOT NULL DEFAULT true;

CREATE TABLE IF NOT EXISTS packages (
  id uuid PRIMARY KEY DEFAULT gen_random_uuid(),
  name text NOT NULL,
  destination_city_id uuid NOT NULL REFERENCES cities(id) ON DELETE CASCADE,
  duration_nights integer NOT NULL,
  package_tier text NOT NULL CHECK (package_tier IN ('comfort','premium','signature')),
  base_price numeric(12,2) NOT NULL,
  needs_owner_review boolean NOT NULL DEFAULT true,
  is_active boolean NOT NULL DEFAULT true,
  is_featured boolean NOT NULL DEFAULT false,
  created_at timestamptz NOT NULL DEFAULT now()
);

CREATE TABLE IF NOT EXISTS package_components (
  id uuid PRIMARY KEY DEFAULT gen_random_uuid(),
  package_id uuid NOT NULL REFERENCES packages(id) ON DELETE CASCADE,
  component_type text NOT NULL CHECK (component_type IN ('included_experience','hotel_upgrade','addon_experience','extra_day')),
  experience_id uuid REFERENCES experiences(id),
  price_delta numeric(12,2) NOT NULL DEFAULT 0
);

CREATE INDEX IF NOT EXISTS idx_packages_city ON packages(destination_city_id);
CREATE INDEX IF NOT EXISTS idx_package_components_package ON package_components(package_id);


-- dimension_tags and disappointment_tags are NOT re-inserted here —
-- they already exist from Stage B's seed (001_seed_vocabulary_and_sample_data.sql)
-- and have a UNIQUE constraint on name. All FK references below use a
-- name-lookup subquery instead of a hardcoded UUID for exactly this reason.
-- If running against a fresh database WITHOUT Stage B's seed already applied,
-- run that seed script's vocabulary INSERTs first.

-- countries (11 rows)
INSERT INTO countries (id, name, region, visa_policy_default, visa_note, visa_last_verified, visa_volatile, currency, supplier_coverage_status, domestic_flag) VALUES ('ece56ca9-6585-4781-b2ef-78d75c20008b', 'Singapore', 'Southeast Asia', 'E-Visa Required', 'Mandatory e-Visa for Indian passport holders, no visa-on-arrival, no visa-free entry. ~INR 2,100-3,799 incl. agent fee, 3-5 working days processing via authorised agents (VFS Global, IVS Global). NOTE: earlier placeholder data in this project incorrectly listed ''Easy Visa'' - corrected here.', '2026-06-25', FALSE, 'SGD', 'limited', FALSE);
INSERT INTO countries (id, name, region, visa_policy_default, visa_note, visa_last_verified, visa_volatile, currency, supplier_coverage_status, domestic_flag) VALUES ('d559a10c-2351-4866-b6c4-91ce501b1128', 'UAE', 'Middle East', 'E-Visa Required / Conditional VOA', 'Visa required in advance UNLESS traveller holds a valid US/UK/EU-Schengen/Australia/Canada/Japan/New Zealand/Korea/Singapore visa or residence permit (6+ months validity), in which case a 14-day visa-on-arrival applies (~AED 100-120). Otherwise standard e-Visa needed before travel.', '2026-06-25', FALSE, 'AED', 'limited', FALSE);
INSERT INTO countries (id, name, region, visa_policy_default, visa_note, visa_last_verified, visa_volatile, currency, supplier_coverage_status, domestic_flag) VALUES ('5db45750-d14f-45e2-bd82-ada00e99ab96', 'Thailand', 'Southeast Asia', 'IN TRANSITION - Visa-on-Arrival (was Visa-Free)', 'VOLATILE, VERIFY BEFORE USE: As of this research (late May 2026), Thailand''s Cabinet approved ending the 60-day visa-free scheme for Indians, replacing it with a 15-day Visa-on-Arrival (~2,000 THB / ~INR 4,800-5,800). Change takes effect 15 days after Royal Gazette publication (not yet published at research time). Mandatory Thailand Digital Arrival Card (TDAC) regardless of visa status. DO NOT treat this field as stable - re-verify at implementation time.', '2026-06-25', TRUE, 'THB', 'limited', FALSE);
INSERT INTO countries (id, name, region, visa_policy_default, visa_note, visa_last_verified, visa_volatile, currency, supplier_coverage_status, domestic_flag) VALUES ('572b8b86-01dc-4167-9229-850a6c471870', 'Indonesia', 'Southeast Asia', 'Visa on Arrival', '30-day VOA, extendable once for another 30 days. Cost approx. IDR 500,000 (~INR 2,600-2,800). Requires passport 6+ months validity and return ticket.', '2026-06-25', FALSE, 'IDR', 'limited', FALSE);
INSERT INTO countries (id, name, region, visa_policy_default, visa_note, visa_last_verified, visa_volatile, currency, supplier_coverage_status, domestic_flag) VALUES ('0fd961b8-6e79-4fcf-9f25-fbc096608145', 'Maldives', 'South Asia/Indian Ocean', 'Visa-Free (Free VOA)', 'Free 30-day visa-on-arrival for all Indian passport holders. Requires return ticket, hotel/resort reservation, sufficient funds. Note: independent travel outside resort islands requires special permission.', '2026-06-25', FALSE, 'USD/MVR', 'limited', FALSE);
INSERT INTO countries (id, name, region, visa_policy_default, visa_note, visa_last_verified, visa_volatile, currency, supplier_coverage_status, domestic_flag) VALUES ('93063aef-8350-406b-acef-df9c62d8d21b', 'Vietnam', 'Southeast Asia', 'E-Visa', '90-day e-Visa, single or multiple entry, ~USD 25. Apply only via official government e-visa portal (avoid third-party scam sites).', '2026-06-25', FALSE, 'VND', 'limited', FALSE);
INSERT INTO countries (id, name, region, visa_policy_default, visa_note, visa_last_verified, visa_volatile, currency, supplier_coverage_status, domestic_flag) VALUES ('1bb977df-a543-4654-afe5-7e1a1ef428ff', 'Sri Lanka', 'South Asia', 'Visa-Free (Free ETA)', 'Free 30-day Electronic Travel Authorization for Indians. Sri Lanka announced expansion of visa-free access to 40 markets from Jan 2026, India already included under existing arrangement.', '2026-06-25', FALSE, 'LKR', 'limited', FALSE);
INSERT INTO countries (id, name, region, visa_policy_default, visa_note, visa_last_verified, visa_volatile, currency, supplier_coverage_status, domestic_flag) VALUES ('08ed8c68-35a4-4812-9a1e-1a872aa6cc83', 'Malaysia', 'Southeast Asia', 'Visa-Free (Time-Limited Policy)', 'Visa-free for Indians for stays up to 30 days, in effect until 31 December 2026 per current policy - re-verify closer to/after that date. Mandatory Malaysia Digital Arrival Card (MDAC) online within 3 days of arrival.', '2026-06-25', TRUE, 'MYR', 'limited', FALSE);
INSERT INTO countries (id, name, region, visa_policy_default, visa_note, visa_last_verified, visa_volatile, currency, supplier_coverage_status, domestic_flag) VALUES ('fb8afe69-11af-4d81-a706-cbab7bcae31c', 'Mauritius', 'Indian Ocean/Africa', 'Visa-Free', 'Visa-free entry for up to 90 days for Indian passport holders.', '2026-06-25', FALSE, 'MUR', 'limited', FALSE);
INSERT INTO countries (id, name, region, visa_policy_default, visa_note, visa_last_verified, visa_volatile, currency, supplier_coverage_status, domestic_flag) VALUES ('52f012dc-a366-46e1-b33e-1048609b0a0a', 'Bhutan', 'South Asia', 'Visa-Free (SDF applies)', 'No visa required for Indian passport/voter-ID holders - unrestricted entry. IMPORTANT: a Sustainable Development Fee (SDF) applies per person per night for most travelers (concessional rate historically applied for Indian nationals) - exact current rate must be verified at implementation time, as Bhutan revises this periodically.', '2026-06-25', TRUE, 'BTN/INR', 'limited', FALSE);
INSERT INTO countries (id, name, region, visa_policy_default, visa_note, visa_last_verified, visa_volatile, currency, supplier_coverage_status, domestic_flag) VALUES ('cd1b3736-f9fa-4c4f-b362-c41d4948be62', 'India', 'West India', 'Domestic - No Visa Required', 'Domestic travel, no visa applicable.', '2026-06-25', FALSE, 'INR', 'limited', TRUE);

-- cities (16 rows)
INSERT INTO cities (id, country_id, name, avg_cost_index, supplier_coverage_status, weather_profile_json) VALUES ('c26ec203-53b1-4b83-9958-90bcfb3a01de', 'ece56ca9-6585-4781-b2ef-78d75c20008b', 'Singapore', 78, 'limited', '{"profile": "Tropical, best Feb-Apr"}');
INSERT INTO cities (id, country_id, name, avg_cost_index, supplier_coverage_status, weather_profile_json) VALUES ('ea99d447-5524-437d-87fe-fb95036f6143', 'd559a10c-2351-4866-b6c4-91ce501b1128', 'Dubai', 85, 'limited', '{"profile": "Hot desert, best Nov-Mar"}');
INSERT INTO cities (id, country_id, name, avg_cost_index, supplier_coverage_status, weather_profile_json) VALUES ('52b3a5dc-9eb7-4a77-b7b0-b567aee57404', '5db45750-d14f-45e2-bd82-ada00e99ab96', 'Bangkok', 58, 'limited', '{"profile": "Tropical, best Nov-Feb"}');
INSERT INTO cities (id, country_id, name, avg_cost_index, supplier_coverage_status, weather_profile_json) VALUES ('504d8137-8e84-4199-8978-b821f5213233', '572b8b86-01dc-4167-9229-850a6c471870', 'Bali (Denpasar)', 55, 'limited', '{"profile": "Tropical, best Apr-Oct (dry season)"}');
INSERT INTO cities (id, country_id, name, avg_cost_index, supplier_coverage_status, weather_profile_json) VALUES ('e58e1f8b-f08b-4c15-a474-bd781f996220', '0fd961b8-6e79-4fcf-9f25-fbc096608145', 'Male / Resort Atolls', 92, 'limited', '{"profile": "Tropical, best Nov-Apr"}');
INSERT INTO cities (id, country_id, name, avg_cost_index, supplier_coverage_status, weather_profile_json) VALUES ('6057aad2-c3e7-4733-9c57-202eccfc52a6', '93063aef-8350-406b-acef-df9c62d8d21b', 'Hanoi / Halong / Ho Chi Minh City', 50, 'limited', '{"profile": "Tropical/subtropical, best Oct-Apr (north)"}');
INSERT INTO cities (id, country_id, name, avg_cost_index, supplier_coverage_status, weather_profile_json) VALUES ('61ea5494-aa76-49be-a659-0b270db3d2cc', '1bb977df-a543-4654-afe5-7e1a1ef428ff', 'Colombo / Kandy / Galle', 48, 'limited', '{"profile": "Tropical, best Dec-Mar (west/south)"}');
INSERT INTO cities (id, country_id, name, avg_cost_index, supplier_coverage_status, weather_profile_json) VALUES ('beb54bd5-465a-441b-acf6-b7d3f76e5a8e', '08ed8c68-35a4-4812-9a1e-1a872aa6cc83', 'Kuala Lumpur / Langkawi', 52, 'limited', '{"profile": "Tropical, best Mar-Oct (west coast)"}');
INSERT INTO cities (id, country_id, name, avg_cost_index, supplier_coverage_status, weather_profile_json) VALUES ('69a879f7-3e51-46b2-b73c-54fdb82b6bf9', 'fb8afe69-11af-4d81-a706-cbab7bcae31c', 'Port Louis / Grand Baie', 80, 'limited', '{"profile": "Tropical, best May-Dec"}');
INSERT INTO cities (id, country_id, name, avg_cost_index, supplier_coverage_status, weather_profile_json) VALUES ('78eea878-3122-45ce-a2da-48cc70c873a5', '52f012dc-a366-46e1-b33e-1048609b0a0a', 'Thimphu / Paro / Punakha', 60, 'limited', '{"profile": "Temperate, best Mar-May & Sep-Nov"}');
INSERT INTO cities (id, country_id, name, avg_cost_index, supplier_coverage_status, weather_profile_json) VALUES ('7bdcd9b8-4a8e-49a0-862a-b1c9213dc30b', 'cd1b3736-f9fa-4c4f-b362-c41d4948be62', 'Goa', 45, 'limited', '{"profile": "Tropical coastal, best Nov-Feb"}');
INSERT INTO cities (id, country_id, name, avg_cost_index, supplier_coverage_status, weather_profile_json) VALUES ('48a72c99-011c-46bb-96c0-e82aad486a29', 'cd1b3736-f9fa-4c4f-b362-c41d4948be62', 'Kochi / Munnar / Alleppey', 42, 'limited', '{"profile": "Tropical, best Sep-Mar"}');
INSERT INTO cities (id, country_id, name, avg_cost_index, supplier_coverage_status, weather_profile_json) VALUES ('1ea2ebfc-0e67-48a5-93e2-3875f5306c81', 'cd1b3736-f9fa-4c4f-b362-c41d4948be62', 'Manali / Kullu', 40, 'limited', '{"profile": "Alpine, best Mar-Jun & Oct-Feb (snow)"}');
INSERT INTO cities (id, country_id, name, avg_cost_index, supplier_coverage_status, weather_profile_json) VALUES ('314bdfff-84fd-4054-9549-ffad084044dc', 'cd1b3736-f9fa-4c4f-b362-c41d4948be62', 'Jaipur / Udaipur', 43, 'limited', '{"profile": "Arid, best Oct-Mar"}');
INSERT INTO cities (id, country_id, name, avg_cost_index, supplier_coverage_status, weather_profile_json) VALUES ('d35c15d9-03c1-4a83-8aef-e6bcbf1184a6', 'cd1b3736-f9fa-4c4f-b362-c41d4948be62', 'Port Blair / Havelock', 50, 'limited', '{"profile": "Tropical, best Oct-May"}');
INSERT INTO cities (id, country_id, name, avg_cost_index, supplier_coverage_status, weather_profile_json) VALUES ('396e7fc0-3d4c-4301-9296-dc9b83d91632', 'cd1b3736-f9fa-4c4f-b362-c41d4948be62', 'Srinagar / Gulmarg / Pahalgam', 46, 'limited', '{"profile": "Alpine, best Apr-Oct (summer), Dec-Feb (snow)"}');

-- flight_routes (48 rows)
INSERT INTO flight_routes (id, city_id, departure_city, avg_flight_duration_hours, layover_typical_flag) VALUES ('3f444473-4041-450d-a601-c953383d6017', 'c26ec203-53b1-4b83-9958-90bcfb3a01de', 'Delhi', 6.0, FALSE);
INSERT INTO flight_routes (id, city_id, departure_city, avg_flight_duration_hours, layover_typical_flag) VALUES ('ca3923e5-662e-4ddb-aacf-e79144dafd26', 'c26ec203-53b1-4b83-9958-90bcfb3a01de', 'Mumbai', 5.5, FALSE);
INSERT INTO flight_routes (id, city_id, departure_city, avg_flight_duration_hours, layover_typical_flag) VALUES ('bf1cc3de-147d-4390-af51-0aff318bbef2', 'c26ec203-53b1-4b83-9958-90bcfb3a01de', 'Bangalore', 4.5, FALSE);
INSERT INTO flight_routes (id, city_id, departure_city, avg_flight_duration_hours, layover_typical_flag) VALUES ('9c83d42d-c041-4ca3-8442-b9c7967a23d7', 'ea99d447-5524-437d-87fe-fb95036f6143', 'Delhi', 3.5, FALSE);
INSERT INTO flight_routes (id, city_id, departure_city, avg_flight_duration_hours, layover_typical_flag) VALUES ('fe023855-2cae-4892-a955-2ca7e234f1b0', 'ea99d447-5524-437d-87fe-fb95036f6143', 'Mumbai', 3.2, FALSE);
INSERT INTO flight_routes (id, city_id, departure_city, avg_flight_duration_hours, layover_typical_flag) VALUES ('c52eec16-3e95-4703-875c-7790391fc952', 'ea99d447-5524-437d-87fe-fb95036f6143', 'Bangalore', 4.0, FALSE);
INSERT INTO flight_routes (id, city_id, departure_city, avg_flight_duration_hours, layover_typical_flag) VALUES ('32a6ba1d-618c-4f5f-a559-0b1e940f48d8', '52b3a5dc-9eb7-4a77-b7b0-b567aee57404', 'Delhi', 4.5, FALSE);
INSERT INTO flight_routes (id, city_id, departure_city, avg_flight_duration_hours, layover_typical_flag) VALUES ('209b9f3b-19ee-4114-bd2a-2042fdabb391', '52b3a5dc-9eb7-4a77-b7b0-b567aee57404', 'Mumbai', 4.0, FALSE);
INSERT INTO flight_routes (id, city_id, departure_city, avg_flight_duration_hours, layover_typical_flag) VALUES ('605805c6-d158-4c20-bfc1-b5f720ff3c04', '52b3a5dc-9eb7-4a77-b7b0-b567aee57404', 'Bangalore', 3.5, FALSE);
INSERT INTO flight_routes (id, city_id, departure_city, avg_flight_duration_hours, layover_typical_flag) VALUES ('4b95bc48-6e24-4a4e-857f-30aec85dd1c1', '504d8137-8e84-4199-8978-b821f5213233', 'Delhi', 9.5, TRUE);
INSERT INTO flight_routes (id, city_id, departure_city, avg_flight_duration_hours, layover_typical_flag) VALUES ('79bf1cf2-243d-4240-9ffd-d760f623888c', '504d8137-8e84-4199-8978-b821f5213233', 'Mumbai', 9.0, TRUE);
INSERT INTO flight_routes (id, city_id, departure_city, avg_flight_duration_hours, layover_typical_flag) VALUES ('c7578c45-7e17-44dd-a8b5-5e442f9cdb05', '504d8137-8e84-4199-8978-b821f5213233', 'Bangalore', 8.5, TRUE);
INSERT INTO flight_routes (id, city_id, departure_city, avg_flight_duration_hours, layover_typical_flag) VALUES ('25aa8daf-b526-4be6-9917-d0d7eade3724', 'e58e1f8b-f08b-4c15-a474-bd781f996220', 'Delhi', 4.5, FALSE);
INSERT INTO flight_routes (id, city_id, departure_city, avg_flight_duration_hours, layover_typical_flag) VALUES ('b4380212-8878-41b5-996c-11eb25ae7e86', 'e58e1f8b-f08b-4c15-a474-bd781f996220', 'Mumbai', 3.5, FALSE);
INSERT INTO flight_routes (id, city_id, departure_city, avg_flight_duration_hours, layover_typical_flag) VALUES ('18d29b1e-69b9-4441-8724-085cd54c3c0d', 'e58e1f8b-f08b-4c15-a474-bd781f996220', 'Bangalore', 3.0, FALSE);
INSERT INTO flight_routes (id, city_id, departure_city, avg_flight_duration_hours, layover_typical_flag) VALUES ('06db17fa-2b48-4918-bd69-cb0412de8fde', '6057aad2-c3e7-4733-9c57-202eccfc52a6', 'Delhi', 6.5, TRUE);
INSERT INTO flight_routes (id, city_id, departure_city, avg_flight_duration_hours, layover_typical_flag) VALUES ('b1b1c65f-cfb3-47ad-b2a1-89d2fdedc36a', '6057aad2-c3e7-4733-9c57-202eccfc52a6', 'Mumbai', 7.0, TRUE);
INSERT INTO flight_routes (id, city_id, departure_city, avg_flight_duration_hours, layover_typical_flag) VALUES ('df9a1efa-62de-4797-8a7c-205cbfdca76a', '6057aad2-c3e7-4733-9c57-202eccfc52a6', 'Bangalore', 6.0, FALSE);
INSERT INTO flight_routes (id, city_id, departure_city, avg_flight_duration_hours, layover_typical_flag) VALUES ('2418d2da-f780-4b76-a06b-6712f1457539', '61ea5494-aa76-49be-a659-0b270db3d2cc', 'Delhi', 4.0, FALSE);
INSERT INTO flight_routes (id, city_id, departure_city, avg_flight_duration_hours, layover_typical_flag) VALUES ('f8a0955e-da51-4c03-8a60-544e99c24ed1', '61ea5494-aa76-49be-a659-0b270db3d2cc', 'Mumbai', 3.0, FALSE);
INSERT INTO flight_routes (id, city_id, departure_city, avg_flight_duration_hours, layover_typical_flag) VALUES ('cac397c2-ab6a-4045-967b-b13b6663319e', '61ea5494-aa76-49be-a659-0b270db3d2cc', 'Bangalore', 2.0, FALSE);
INSERT INTO flight_routes (id, city_id, departure_city, avg_flight_duration_hours, layover_typical_flag) VALUES ('91bc03d5-2b80-4125-923e-6ffd670ca27b', 'beb54bd5-465a-441b-acf6-b7d3f76e5a8e', 'Delhi', 5.5, FALSE);
INSERT INTO flight_routes (id, city_id, departure_city, avg_flight_duration_hours, layover_typical_flag) VALUES ('f39350dc-b1c4-4b3c-a91a-06dd6c36bf0a', 'beb54bd5-465a-441b-acf6-b7d3f76e5a8e', 'Mumbai', 5.0, FALSE);
INSERT INTO flight_routes (id, city_id, departure_city, avg_flight_duration_hours, layover_typical_flag) VALUES ('6f38a420-79fa-45a5-8d1d-33ab35b2d2f0', 'beb54bd5-465a-441b-acf6-b7d3f76e5a8e', 'Bangalore', 4.0, FALSE);
INSERT INTO flight_routes (id, city_id, departure_city, avg_flight_duration_hours, layover_typical_flag) VALUES ('a20714c2-c821-41bc-acf2-13ed657efc65', '69a879f7-3e51-46b2-b73c-54fdb82b6bf9', 'Delhi', 8.0, TRUE);
INSERT INTO flight_routes (id, city_id, departure_city, avg_flight_duration_hours, layover_typical_flag) VALUES ('c27b92a8-c05b-4753-8e86-e6d534b52fcc', '69a879f7-3e51-46b2-b73c-54fdb82b6bf9', 'Mumbai', 7.5, TRUE);
INSERT INTO flight_routes (id, city_id, departure_city, avg_flight_duration_hours, layover_typical_flag) VALUES ('f61574c3-decb-40a1-8441-3cb472959473', '69a879f7-3e51-46b2-b73c-54fdb82b6bf9', 'Bangalore', 7.0, TRUE);
INSERT INTO flight_routes (id, city_id, departure_city, avg_flight_duration_hours, layover_typical_flag) VALUES ('0fccfb88-6f4c-41fa-8fe2-b818898413b2', '78eea878-3122-45ce-a2da-48cc70c873a5', 'Delhi', 2.5, FALSE);
INSERT INTO flight_routes (id, city_id, departure_city, avg_flight_duration_hours, layover_typical_flag) VALUES ('e87ffa57-b987-4022-b81c-03ad07d667f8', '78eea878-3122-45ce-a2da-48cc70c873a5', 'Kolkata', 1.5, FALSE);
INSERT INTO flight_routes (id, city_id, departure_city, avg_flight_duration_hours, layover_typical_flag) VALUES ('5379f56f-94d5-4f56-9865-69a0e2e90565', '78eea878-3122-45ce-a2da-48cc70c873a5', 'Bagdogra', 0.75, FALSE);
INSERT INTO flight_routes (id, city_id, departure_city, avg_flight_duration_hours, layover_typical_flag) VALUES ('c6b7777f-0a8b-4fd0-b425-c385e70b7a2e', '7bdcd9b8-4a8e-49a0-862a-b1c9213dc30b', 'Delhi', 2.5, FALSE);
INSERT INTO flight_routes (id, city_id, departure_city, avg_flight_duration_hours, layover_typical_flag) VALUES ('b0cd1034-49e6-40bb-be71-a2b4cf396a6a', '7bdcd9b8-4a8e-49a0-862a-b1c9213dc30b', 'Mumbai', 1.25, FALSE);
INSERT INTO flight_routes (id, city_id, departure_city, avg_flight_duration_hours, layover_typical_flag) VALUES ('aa5ccd90-e934-4b57-8953-37b52990287f', '7bdcd9b8-4a8e-49a0-862a-b1c9213dc30b', 'Bangalore', 1.5, FALSE);
INSERT INTO flight_routes (id, city_id, departure_city, avg_flight_duration_hours, layover_typical_flag) VALUES ('1960e8bd-cb62-4cff-b29f-0866897f60aa', '48a72c99-011c-46bb-96c0-e82aad486a29', 'Delhi', 3.5, FALSE);
INSERT INTO flight_routes (id, city_id, departure_city, avg_flight_duration_hours, layover_typical_flag) VALUES ('770db65f-7cb5-4e65-8646-49b48e4bd0dd', '48a72c99-011c-46bb-96c0-e82aad486a29', 'Mumbai', 2.0, FALSE);
INSERT INTO flight_routes (id, city_id, departure_city, avg_flight_duration_hours, layover_typical_flag) VALUES ('3d42c139-1d89-43a4-b2c3-92f1b5a3616c', '48a72c99-011c-46bb-96c0-e82aad486a29', 'Bangalore', 1.0, FALSE);
INSERT INTO flight_routes (id, city_id, departure_city, avg_flight_duration_hours, layover_typical_flag) VALUES ('d06c4041-e14c-4f18-8776-69a6925b737b', '1ea2ebfc-0e67-48a5-93e2-3875f5306c81', 'Delhi', 1.25, FALSE);
INSERT INTO flight_routes (id, city_id, departure_city, avg_flight_duration_hours, layover_typical_flag) VALUES ('892dc0b3-faa7-4908-8c9b-cf3649b7a3c7', '1ea2ebfc-0e67-48a5-93e2-3875f5306c81', 'Mumbai', 2.5, FALSE);
INSERT INTO flight_routes (id, city_id, departure_city, avg_flight_duration_hours, layover_typical_flag) VALUES ('bb27dc64-714a-46e8-9256-e4cd264a67a8', '1ea2ebfc-0e67-48a5-93e2-3875f5306c81', 'Bangalore', 3.0, FALSE);
INSERT INTO flight_routes (id, city_id, departure_city, avg_flight_duration_hours, layover_typical_flag) VALUES ('03e5264f-f788-4ae2-81d2-fdf303fff859', '314bdfff-84fd-4054-9549-ffad084044dc', 'Delhi', 1.0, FALSE);
INSERT INTO flight_routes (id, city_id, departure_city, avg_flight_duration_hours, layover_typical_flag) VALUES ('14369baa-8bc2-4b88-a0c9-f27f23b1976f', '314bdfff-84fd-4054-9549-ffad084044dc', 'Mumbai', 1.75, FALSE);
INSERT INTO flight_routes (id, city_id, departure_city, avg_flight_duration_hours, layover_typical_flag) VALUES ('28ca27d7-c47e-4447-b1d5-d7e9061844ca', '314bdfff-84fd-4054-9549-ffad084044dc', 'Bangalore', 2.5, FALSE);
INSERT INTO flight_routes (id, city_id, departure_city, avg_flight_duration_hours, layover_typical_flag) VALUES ('ce69f81b-c426-483f-8cfc-16f8dc5d7197', 'd35c15d9-03c1-4a83-8aef-e6bcbf1184a6', 'Delhi', 5.0, FALSE);
INSERT INTO flight_routes (id, city_id, departure_city, avg_flight_duration_hours, layover_typical_flag) VALUES ('a70e7c79-7931-48b5-8123-161b247769c9', 'd35c15d9-03c1-4a83-8aef-e6bcbf1184a6', 'Mumbai', 4.5, FALSE);
INSERT INTO flight_routes (id, city_id, departure_city, avg_flight_duration_hours, layover_typical_flag) VALUES ('4dc3b6c3-c6ed-4c07-b80f-028b8790745b', 'd35c15d9-03c1-4a83-8aef-e6bcbf1184a6', 'Chennai', 2.0, FALSE);
INSERT INTO flight_routes (id, city_id, departure_city, avg_flight_duration_hours, layover_typical_flag) VALUES ('de2241ba-8abd-44f4-ba1c-ca8da95b56f1', '396e7fc0-3d4c-4301-9296-dc9b83d91632', 'Delhi', 1.5, FALSE);
INSERT INTO flight_routes (id, city_id, departure_city, avg_flight_duration_hours, layover_typical_flag) VALUES ('97ebdd07-75b0-43a4-9181-c7041762d7d0', '396e7fc0-3d4c-4301-9296-dc9b83d91632', 'Mumbai', 2.75, FALSE);
INSERT INTO flight_routes (id, city_id, departure_city, avg_flight_duration_hours, layover_typical_flag) VALUES ('9e48edca-2360-4bf4-b8a5-2cf780c7ab48', '396e7fc0-3d4c-4301-9296-dc9b83d91632', 'Bangalore', 3.25, FALSE);

-- areas (44 rows)
INSERT INTO areas (id, city_id, name) VALUES ('4aed71b0-79eb-4f5d-8357-5d45b7f5159c', 'c26ec203-53b1-4b83-9958-90bcfb3a01de', 'Sentosa Island');
INSERT INTO areas (id, city_id, name) VALUES ('3b8163e0-356a-49d4-9e19-8fb1b38376be', 'c26ec203-53b1-4b83-9958-90bcfb3a01de', 'Marina Bay');
INSERT INTO areas (id, city_id, name) VALUES ('bc90385e-7648-40ce-8e0a-c41df22bec46', 'c26ec203-53b1-4b83-9958-90bcfb3a01de', 'Orchard Road');
INSERT INTO areas (id, city_id, name) VALUES ('be141ecc-eba5-4044-b001-a692b8b969ab', 'ea99d447-5524-437d-87fe-fb95036f6143', 'Downtown Dubai');
INSERT INTO areas (id, city_id, name) VALUES ('4c742ad7-d9dc-4df1-931c-c9c19767bee2', 'ea99d447-5524-437d-87fe-fb95036f6143', 'Desert');
INSERT INTO areas (id, city_id, name) VALUES ('e8cef55f-a5e2-4992-b0c8-e44e1026666d', 'ea99d447-5524-437d-87fe-fb95036f6143', 'Old Dubai');
INSERT INTO areas (id, city_id, name) VALUES ('95170776-93d2-4571-a1bb-8fb56b1f45cc', 'ea99d447-5524-437d-87fe-fb95036f6143', 'Palm Jumeirah');
INSERT INTO areas (id, city_id, name) VALUES ('7d6b88e9-6221-4469-9c1c-0a9d5d38988b', '52b3a5dc-9eb7-4a77-b7b0-b567aee57404', 'Bangkok');
INSERT INTO areas (id, city_id, name) VALUES ('ff5606e0-5d0a-4ed5-9e89-2a2a92b9cafb', '52b3a5dc-9eb7-4a77-b7b0-b567aee57404', 'Phuket/Pattaya (optional extension)');
INSERT INTO areas (id, city_id, name) VALUES ('10d0f609-f52b-48f8-ada4-933599e8a27a', '504d8137-8e84-4199-8978-b821f5213233', 'Ubud');
INSERT INTO areas (id, city_id, name) VALUES ('beafcb8c-84d6-4e21-9bd3-299761bc159e', '504d8137-8e84-4199-8978-b821f5213233', 'Seminyak/Kuta');
INSERT INTO areas (id, city_id, name) VALUES ('4cb886f7-ffc0-44bd-940c-2807152cda53', '504d8137-8e84-4199-8978-b821f5213233', 'Nusa Penida');
INSERT INTO areas (id, city_id, name) VALUES ('12f99844-d28c-4da7-aa4b-e339445df9fa', 'e58e1f8b-f08b-4c15-a474-bd781f996220', 'Resort Atoll');
INSERT INTO areas (id, city_id, name) VALUES ('5e7e7bfa-d56b-4cf9-9682-5a3818e6121b', 'e58e1f8b-f08b-4c15-a474-bd781f996220', 'Male');
INSERT INTO areas (id, city_id, name) VALUES ('dac7d66c-3ae0-4e05-8ec5-de64662f8823', '6057aad2-c3e7-4733-9c57-202eccfc52a6', 'Halong Bay');
INSERT INTO areas (id, city_id, name) VALUES ('ed001483-7811-4584-bf83-17d5f9cb26b5', '6057aad2-c3e7-4733-9c57-202eccfc52a6', 'Hanoi');
INSERT INTO areas (id, city_id, name) VALUES ('a9129f5a-d218-4d6d-8976-d91d2c9fd47b', '6057aad2-c3e7-4733-9c57-202eccfc52a6', 'Ho Chi Minh City');
INSERT INTO areas (id, city_id, name) VALUES ('d796437e-b4f9-40ec-8fe5-611b26021465', '61ea5494-aa76-49be-a659-0b270db3d2cc', 'Kandy');
INSERT INTO areas (id, city_id, name) VALUES ('5a6362f3-777e-43ff-a2a7-ec8c89b6c745', '61ea5494-aa76-49be-a659-0b270db3d2cc', 'Galle/South Coast');
INSERT INTO areas (id, city_id, name) VALUES ('4299b58a-a682-4702-8eae-2f592945d332', 'beb54bd5-465a-441b-acf6-b7d3f76e5a8e', 'Kuala Lumpur');
INSERT INTO areas (id, city_id, name) VALUES ('7710901a-40d6-4856-b43f-e9086d9c50e4', 'beb54bd5-465a-441b-acf6-b7d3f76e5a8e', 'Genting Highlands');
INSERT INTO areas (id, city_id, name) VALUES ('702b59da-9102-4b56-8673-cfaed40563e6', 'beb54bd5-465a-441b-acf6-b7d3f76e5a8e', 'Langkawi');
INSERT INTO areas (id, city_id, name) VALUES ('af19d477-7106-4001-9c4a-f8489cedebef', '69a879f7-3e51-46b2-b73c-54fdb82b6bf9', 'Grand Baie');
INSERT INTO areas (id, city_id, name) VALUES ('8b949892-a9fa-4792-9015-51b90bf25c27', '69a879f7-3e51-46b2-b73c-54fdb82b6bf9', 'Black River');
INSERT INTO areas (id, city_id, name) VALUES ('97ca625c-065e-49f9-a102-92bac7375d62', '69a879f7-3e51-46b2-b73c-54fdb82b6bf9', 'Port Louis');
INSERT INTO areas (id, city_id, name) VALUES ('7f8ea3ab-29f1-4845-aa5f-6999f48f98a9', '78eea878-3122-45ce-a2da-48cc70c873a5', 'Paro');
INSERT INTO areas (id, city_id, name) VALUES ('df6097dc-a584-4f1a-b21c-b09974008c1b', '78eea878-3122-45ce-a2da-48cc70c873a5', 'Thimphu');
INSERT INTO areas (id, city_id, name) VALUES ('84b7ffe2-bbd0-495d-bdeb-5c1750b18778', '78eea878-3122-45ce-a2da-48cc70c873a5', 'Punakha');
INSERT INTO areas (id, city_id, name) VALUES ('46c94dff-84e5-4536-8db5-ef625138b66e', '7bdcd9b8-4a8e-49a0-862a-b1c9213dc30b', 'North Goa');
INSERT INTO areas (id, city_id, name) VALUES ('988799c2-ca76-484a-bd20-0bb273bd07dd', '7bdcd9b8-4a8e-49a0-862a-b1c9213dc30b', 'South Goa');
INSERT INTO areas (id, city_id, name) VALUES ('0f3c9e66-0300-4c8a-93f0-ed45ab250d2f', '7bdcd9b8-4a8e-49a0-862a-b1c9213dc30b', 'Old Goa');
INSERT INTO areas (id, city_id, name) VALUES ('d2460d91-c6d2-468a-9584-923566ecece9', '48a72c99-011c-46bb-96c0-e82aad486a29', 'Alleppey');
INSERT INTO areas (id, city_id, name) VALUES ('e5ac867b-6a92-401e-8e27-b7fc8a21a6e8', '48a72c99-011c-46bb-96c0-e82aad486a29', 'Munnar');
INSERT INTO areas (id, city_id, name) VALUES ('0fd28310-e28f-4fbb-a55d-4f16fbecdadd', '48a72c99-011c-46bb-96c0-e82aad486a29', 'Kochi');
INSERT INTO areas (id, city_id, name) VALUES ('08ee7ba6-d421-4491-9c46-abbcaafe4162', '1ea2ebfc-0e67-48a5-93e2-3875f5306c81', 'Solang Valley');
INSERT INTO areas (id, city_id, name) VALUES ('179baf43-025e-4576-8a4f-29e4aa467567', '1ea2ebfc-0e67-48a5-93e2-3875f5306c81', 'Old Manali');
INSERT INTO areas (id, city_id, name) VALUES ('7403e2f1-3468-4777-ae71-ebf6d01796b2', '1ea2ebfc-0e67-48a5-93e2-3875f5306c81', 'Kullu');
INSERT INTO areas (id, city_id, name) VALUES ('c42830fd-8f3e-44de-abf8-7fbca6a9fc63', '314bdfff-84fd-4054-9549-ffad084044dc', 'Jaipur');
INSERT INTO areas (id, city_id, name) VALUES ('136558c2-79ad-4edf-82cc-40ed31f4bbd0', '314bdfff-84fd-4054-9549-ffad084044dc', 'Udaipur');
INSERT INTO areas (id, city_id, name) VALUES ('a786adc1-f15e-4c0b-b6d5-fc74cf5bb78f', 'd35c15d9-03c1-4a83-8aef-e6bcbf1184a6', 'Havelock Island');
INSERT INTO areas (id, city_id, name) VALUES ('3acc5c09-044a-44de-96e1-5d960e512c1f', 'd35c15d9-03c1-4a83-8aef-e6bcbf1184a6', 'Port Blair');
INSERT INTO areas (id, city_id, name) VALUES ('b6abdda6-50c4-4238-9f6c-20b1b4b34a4a', '396e7fc0-3d4c-4301-9296-dc9b83d91632', 'Srinagar');
INSERT INTO areas (id, city_id, name) VALUES ('acfa5ceb-7244-41ec-9333-32f350215d2e', '396e7fc0-3d4c-4301-9296-dc9b83d91632', 'Gulmarg');
INSERT INTO areas (id, city_id, name) VALUES ('a82f2e60-f5df-4e7f-a12f-14fa9c8adda3', '396e7fc0-3d4c-4301-9296-dc9b83d91632', 'Pahalgam');

-- experiences (58 rows)
INSERT INTO experiences (id, area_id, city_id, name, category, is_signature_experience, popularity_score, supplier_bookable_flag, needs_owner_review) VALUES ('dfacee79-50ff-4fbb-9fe2-5d3f46a95152', '4aed71b0-79eb-4f5d-8357-5d45b7f5159c', 'c26ec203-53b1-4b83-9958-90bcfb3a01de', 'Universal Studios Singapore', 'Theme Parks', TRUE, 95, TRUE, TRUE);
INSERT INTO experiences (id, area_id, city_id, name, category, is_signature_experience, popularity_score, supplier_bookable_flag, needs_owner_review) VALUES ('b9cf79e4-e223-4c05-9288-8462f6357a8d', '4aed71b0-79eb-4f5d-8357-5d45b7f5159c', 'c26ec203-53b1-4b83-9958-90bcfb3a01de', 'Beach Clubs (Sentosa)', 'Beaches', TRUE, 70, TRUE, TRUE);
INSERT INTO experiences (id, area_id, city_id, name, category, is_signature_experience, popularity_score, supplier_bookable_flag, needs_owner_review) VALUES ('a03beb10-494b-4075-b378-41a53e5084cc', '3b8163e0-356a-49d4-9e19-8fb1b38376be', 'c26ec203-53b1-4b83-9958-90bcfb3a01de', 'Marina Bay Sands SkyPark', 'Luxury Hotels', TRUE, 98, TRUE, TRUE);
INSERT INTO experiences (id, area_id, city_id, name, category, is_signature_experience, popularity_score, supplier_bookable_flag, needs_owner_review) VALUES ('476dbc33-ac26-4b52-85da-81601496a3ad', '3b8163e0-356a-49d4-9e19-8fb1b38376be', 'c26ec203-53b1-4b83-9958-90bcfb3a01de', 'Gardens by the Bay', 'Nature', TRUE, 92, TRUE, TRUE);
INSERT INTO experiences (id, area_id, city_id, name, category, is_signature_experience, popularity_score, supplier_bookable_flag, needs_owner_review) VALUES ('00a31716-acda-4554-a2d2-904936e0c835', 'bc90385e-7648-40ce-8e0a-c41df22bec46', 'c26ec203-53b1-4b83-9958-90bcfb3a01de', 'Orchard Road Shopping', 'Shopping Malls', TRUE, 80, TRUE, TRUE);
INSERT INTO experiences (id, area_id, city_id, name, category, is_signature_experience, popularity_score, supplier_bookable_flag, needs_owner_review) VALUES ('ba73ab4c-bc15-4d9c-93ca-97dbd1ca1034', 'be141ecc-eba5-4044-b001-a692b8b969ab', 'ea99d447-5524-437d-87fe-fb95036f6143', 'Burj Khalifa Observation Deck', 'Luxury Hotels', TRUE, 99, TRUE, TRUE);
INSERT INTO experiences (id, area_id, city_id, name, category, is_signature_experience, popularity_score, supplier_bookable_flag, needs_owner_review) VALUES ('8caccafa-7a31-456b-bb13-5539411fedea', 'be141ecc-eba5-4044-b001-a692b8b969ab', 'ea99d447-5524-437d-87fe-fb95036f6143', 'Dubai Mall + Aquarium', 'Shopping Malls', TRUE, 88, TRUE, TRUE);
INSERT INTO experiences (id, area_id, city_id, name, category, is_signature_experience, popularity_score, supplier_bookable_flag, needs_owner_review) VALUES ('32b21a8e-aaaf-498d-b0e7-dd12bb73e328', '4c742ad7-d9dc-4df1-931c-c9c19767bee2', 'ea99d447-5524-437d-87fe-fb95036f6143', 'Desert Safari with BBQ Dinner', 'Adventure', TRUE, 93, TRUE, TRUE);
INSERT INTO experiences (id, area_id, city_id, name, category, is_signature_experience, popularity_score, supplier_bookable_flag, needs_owner_review) VALUES ('5df758d6-9bc3-470a-9df9-f1517e163e8f', 'e8cef55f-a5e2-4992-b0c8-e44e1026666d', 'ea99d447-5524-437d-87fe-fb95036f6143', 'Al Fahidi Quarter + Souks', 'Local Markets', TRUE, 72, TRUE, TRUE);
INSERT INTO experiences (id, area_id, city_id, name, category, is_signature_experience, popularity_score, supplier_bookable_flag, needs_owner_review) VALUES ('9fbc1b3f-5db9-4f4b-8f76-3a5f39432779', '95170776-93d2-4571-a1bb-8fb56b1f45cc', 'ea99d447-5524-437d-87fe-fb95036f6143', 'Atlantis Aquaventure Waterpark', 'Water Sports', TRUE, 85, TRUE, TRUE);
INSERT INTO experiences (id, area_id, city_id, name, category, is_signature_experience, popularity_score, supplier_bookable_flag, needs_owner_review) VALUES ('a4bf6566-9443-4dd0-bc0f-374df1e491ce', '7d6b88e9-6221-4469-9c1c-0a9d5d38988b', '52b3a5dc-9eb7-4a77-b7b0-b567aee57404', 'Grand Palace + Wat Phra Kaew', 'Culture', TRUE, 90, TRUE, TRUE);
INSERT INTO experiences (id, area_id, city_id, name, category, is_signature_experience, popularity_score, supplier_bookable_flag, needs_owner_review) VALUES ('6ecd3c06-bca6-4395-b6f5-bbcc6e44478c', '7d6b88e9-6221-4469-9c1c-0a9d5d38988b', '52b3a5dc-9eb7-4a77-b7b0-b567aee57404', 'Chao Phraya River Cruise', 'Cruises', TRUE, 78, TRUE, TRUE);
INSERT INTO experiences (id, area_id, city_id, name, category, is_signature_experience, popularity_score, supplier_bookable_flag, needs_owner_review) VALUES ('a611844c-ea81-498a-801c-5e8750a37748', '7d6b88e9-6221-4469-9c1c-0a9d5d38988b', '52b3a5dc-9eb7-4a77-b7b0-b567aee57404', 'Floating Markets Tour', 'Local Markets', TRUE, 75, TRUE, TRUE);
INSERT INTO experiences (id, area_id, city_id, name, category, is_signature_experience, popularity_score, supplier_bookable_flag, needs_owner_review) VALUES ('4ddf64ee-bb07-499a-8f31-44c19dd35f45', 'ff5606e0-5d0a-4ed5-9e89-2a2a92b9cafb', '52b3a5dc-9eb7-4a77-b7b0-b567aee57404', 'Phi Phi Islands Day Trip', 'Beaches', TRUE, 88, TRUE, TRUE);
INSERT INTO experiences (id, area_id, city_id, name, category, is_signature_experience, popularity_score, supplier_bookable_flag, needs_owner_review) VALUES ('57cea808-ab68-43dd-aca0-3ae9d33ca6bc', '10d0f609-f52b-48f8-ada4-933599e8a27a', '504d8137-8e84-4199-8978-b821f5213233', 'Ubud Rice Terraces + Monkey Forest', 'Nature', TRUE, 90, TRUE, TRUE);
INSERT INTO experiences (id, area_id, city_id, name, category, is_signature_experience, popularity_score, supplier_bookable_flag, needs_owner_review) VALUES ('c28ad09e-6b21-42da-9a72-8f68616f25a6', '10d0f609-f52b-48f8-ada4-933599e8a27a', '504d8137-8e84-4199-8978-b821f5213233', 'Balinese Spiritual Spa Retreat', 'Local Markets', TRUE, 70, TRUE, TRUE);
INSERT INTO experiences (id, area_id, city_id, name, category, is_signature_experience, popularity_score, supplier_bookable_flag, needs_owner_review) VALUES ('9f32249c-c951-4125-b505-511d97e91b45', 'beafcb8c-84d6-4e21-9bd3-299761bc159e', '504d8137-8e84-4199-8978-b821f5213233', 'Seminyak Beach Clubs', 'Beaches', TRUE, 85, TRUE, TRUE);
INSERT INTO experiences (id, area_id, city_id, name, category, is_signature_experience, popularity_score, supplier_bookable_flag, needs_owner_review) VALUES ('31007c4f-e55f-41f7-92cd-cbc0ffb59e03', '4cb886f7-ffc0-44bd-940c-2807152cda53', '504d8137-8e84-4199-8978-b821f5213233', 'Nusa Penida Island Tour', 'Water Sports', TRUE, 88, TRUE, TRUE);
INSERT INTO experiences (id, area_id, city_id, name, category, is_signature_experience, popularity_score, supplier_bookable_flag, needs_owner_review) VALUES ('a0bf5e15-c217-44fd-8316-9e2f8c86c0b1', '12f99844-d28c-4da7-aa4b-e339445df9fa', 'e58e1f8b-f08b-4c15-a474-bd781f996220', 'Overwater Villa Stay', 'Luxury Hotels', TRUE, 97, TRUE, TRUE);
INSERT INTO experiences (id, area_id, city_id, name, category, is_signature_experience, popularity_score, supplier_bookable_flag, needs_owner_review) VALUES ('95836c88-a5db-414d-bb06-1fa9c488f638', '12f99844-d28c-4da7-aa4b-e339445df9fa', 'e58e1f8b-f08b-4c15-a474-bd781f996220', 'Snorkeling & House Reef Tour', 'Water Sports', TRUE, 82, TRUE, TRUE);
INSERT INTO experiences (id, area_id, city_id, name, category, is_signature_experience, popularity_score, supplier_bookable_flag, needs_owner_review) VALUES ('0cfeb0ff-a880-47ca-9bde-b57adbfb1aef', '12f99844-d28c-4da7-aa4b-e339445df9fa', 'e58e1f8b-f08b-4c15-a474-bd781f996220', 'Sunset Dolphin Cruise', 'Cruises', TRUE, 80, TRUE, TRUE);
INSERT INTO experiences (id, area_id, city_id, name, category, is_signature_experience, popularity_score, supplier_bookable_flag, needs_owner_review) VALUES ('c345b062-040d-4da0-bb6a-41669b59d082', '5e7e7bfa-d56b-4cf9-9682-5a3818e6121b', 'e58e1f8b-f08b-4c15-a474-bd781f996220', 'Local Island Cultural Visit', 'Local Markets', FALSE, 55, TRUE, TRUE);
INSERT INTO experiences (id, area_id, city_id, name, category, is_signature_experience, popularity_score, supplier_bookable_flag, needs_owner_review) VALUES ('1dfe29e0-918b-4157-b3ee-044cfa4deaff', 'dac7d66c-3ae0-4e05-8ec5-de64662f8823', '6057aad2-c3e7-4733-9c57-202eccfc52a6', 'Halong Bay Overnight Cruise', 'Cruises', TRUE, 93, TRUE, TRUE);
INSERT INTO experiences (id, area_id, city_id, name, category, is_signature_experience, popularity_score, supplier_bookable_flag, needs_owner_review) VALUES ('ba1c1177-7ca6-4545-98de-8711b0195c99', 'ed001483-7811-4584-bf83-17d5f9cb26b5', '6057aad2-c3e7-4733-9c57-202eccfc52a6', 'Hanoi Old Quarter Food Walk', 'Local Markets', TRUE, 82, TRUE, TRUE);
INSERT INTO experiences (id, area_id, city_id, name, category, is_signature_experience, popularity_score, supplier_bookable_flag, needs_owner_review) VALUES ('92000970-0ae5-47ab-9532-23052e26f73c', 'a9129f5a-d218-4d6d-8976-d91d2c9fd47b', '6057aad2-c3e7-4733-9c57-202eccfc52a6', 'Mekong Delta Day Tour', 'Nature', TRUE, 75, TRUE, TRUE);
INSERT INTO experiences (id, area_id, city_id, name, category, is_signature_experience, popularity_score, supplier_bookable_flag, needs_owner_review) VALUES ('9327a9e1-9233-4602-807d-575aae59315c', 'd796437e-b4f9-40ec-8fe5-611b26021465', '61ea5494-aa76-49be-a659-0b270db3d2cc', 'Temple of the Sacred Tooth Relic', 'Culture', TRUE, 80, TRUE, TRUE);
INSERT INTO experiences (id, area_id, city_id, name, category, is_signature_experience, popularity_score, supplier_bookable_flag, needs_owner_review) VALUES ('aae6b702-de1f-4f2a-9fc5-834fdc4756be', 'd796437e-b4f9-40ec-8fe5-611b26021465', '61ea5494-aa76-49be-a659-0b270db3d2cc', 'Tea Plantation Tour (Nuwara Eliya)', 'Nature', TRUE, 78, TRUE, TRUE);
INSERT INTO experiences (id, area_id, city_id, name, category, is_signature_experience, popularity_score, supplier_bookable_flag, needs_owner_review) VALUES ('c3b2142f-7e65-444f-9f74-09647a648394', '5a6362f3-777e-43ff-a2a7-ec8c89b6c745', '61ea5494-aa76-49be-a659-0b270db3d2cc', 'Galle Fort Heritage Walk', 'Culture', TRUE, 72, TRUE, TRUE);
INSERT INTO experiences (id, area_id, city_id, name, category, is_signature_experience, popularity_score, supplier_bookable_flag, needs_owner_review) VALUES ('dcfdfae5-0426-4b6a-97b9-af2396820af2', '5a6362f3-777e-43ff-a2a7-ec8c89b6c745', '61ea5494-aa76-49be-a659-0b270db3d2cc', 'Mirissa Whale Watching', 'Water Sports', TRUE, 70, TRUE, TRUE);
INSERT INTO experiences (id, area_id, city_id, name, category, is_signature_experience, popularity_score, supplier_bookable_flag, needs_owner_review) VALUES ('fd06cc58-80a5-46d1-946d-7d864756acff', '4299b58a-a682-4702-8eae-2f592945d332', 'beb54bd5-465a-441b-acf6-b7d3f76e5a8e', 'Petronas Towers + KL Skyline', 'Photography Spots', TRUE, 90, TRUE, TRUE);
INSERT INTO experiences (id, area_id, city_id, name, category, is_signature_experience, popularity_score, supplier_bookable_flag, needs_owner_review) VALUES ('6778fc99-2f23-4ddf-bb73-0874a80e6fa9', '4299b58a-a682-4702-8eae-2f592945d332', 'beb54bd5-465a-441b-acf6-b7d3f76e5a8e', 'Batu Caves', 'Culture', TRUE, 75, TRUE, TRUE);
INSERT INTO experiences (id, area_id, city_id, name, category, is_signature_experience, popularity_score, supplier_bookable_flag, needs_owner_review) VALUES ('7a073abd-8463-47ae-b53b-4033bf80f9f5', '7710901a-40d6-4856-b43f-e9086d9c50e4', 'beb54bd5-465a-441b-acf6-b7d3f76e5a8e', 'Genting Highlands Theme Park', 'Theme Parks', TRUE, 78, TRUE, TRUE);
INSERT INTO experiences (id, area_id, city_id, name, category, is_signature_experience, popularity_score, supplier_bookable_flag, needs_owner_review) VALUES ('123bec54-f3b8-407b-a453-6ddfb530c916', '702b59da-9102-4b56-8673-cfaed40563e6', 'beb54bd5-465a-441b-acf6-b7d3f76e5a8e', 'Langkawi Island Hopping', 'Beaches', TRUE, 82, TRUE, TRUE);
INSERT INTO experiences (id, area_id, city_id, name, category, is_signature_experience, popularity_score, supplier_bookable_flag, needs_owner_review) VALUES ('3f61874e-dfe3-4779-8d2c-b4fe5e4da01d', 'af19d477-7106-4001-9c4a-f8489cedebef', '69a879f7-3e51-46b2-b73c-54fdb82b6bf9', 'Catamaran Cruise with Dolphins', 'Cruises', TRUE, 88, TRUE, TRUE);
INSERT INTO experiences (id, area_id, city_id, name, category, is_signature_experience, popularity_score, supplier_bookable_flag, needs_owner_review) VALUES ('b2ced78d-2bcf-4221-b97e-25f7955f98d4', '8b949892-a9fa-4792-9015-51b90bf25c27', '69a879f7-3e51-46b2-b73c-54fdb82b6bf9', 'Black River Gorges + Chamarel', 'Nature', TRUE, 85, TRUE, TRUE);
INSERT INTO experiences (id, area_id, city_id, name, category, is_signature_experience, popularity_score, supplier_bookable_flag, needs_owner_review) VALUES ('8b8be63e-238a-487a-add0-cc41d0ca06f8', '97ca625c-065e-49f9-a102-92bac7375d62', '69a879f7-3e51-46b2-b73c-54fdb82b6bf9', 'Local Market + Creole Food Tour', 'Food', FALSE, 62, TRUE, TRUE);
INSERT INTO experiences (id, area_id, city_id, name, category, is_signature_experience, popularity_score, supplier_bookable_flag, needs_owner_review) VALUES ('532cf3b4-8e3f-40a0-b5ca-3725a0a6f46f', '7f8ea3ab-29f1-4845-aa5f-6999f48f98a9', '78eea878-3122-45ce-a2da-48cc70c873a5', 'Tiger''s Nest Monastery Hike', 'Trekking', TRUE, 95, TRUE, TRUE);
INSERT INTO experiences (id, area_id, city_id, name, category, is_signature_experience, popularity_score, supplier_bookable_flag, needs_owner_review) VALUES ('c2e3e544-6a77-41fe-947c-43d108775d16', 'df6097dc-a584-4f1a-b21c-b09974008c1b', '78eea878-3122-45ce-a2da-48cc70c873a5', 'Buddha Dordenma + Local Markets', 'Culture', TRUE, 80, TRUE, TRUE);
INSERT INTO experiences (id, area_id, city_id, name, category, is_signature_experience, popularity_score, supplier_bookable_flag, needs_owner_review) VALUES ('0702765d-b037-4c95-8756-624d5005a555', '84b7ffe2-bbd0-495d-bdeb-5c1750b18778', '78eea878-3122-45ce-a2da-48cc70c873a5', 'Punakha Dzong + Suspension Bridge', 'Culture', TRUE, 85, TRUE, TRUE);
INSERT INTO experiences (id, area_id, city_id, name, category, is_signature_experience, popularity_score, supplier_bookable_flag, needs_owner_review) VALUES ('b3e4b9e2-1395-41ac-b7f3-1aed00b1c618', '46c94dff-84e5-4536-8db5-ef625138b66e', '7bdcd9b8-4a8e-49a0-862a-b1c9213dc30b', 'Baga-Calangute Beach Hopping', 'Beaches', TRUE, 82, TRUE, TRUE);
INSERT INTO experiences (id, area_id, city_id, name, category, is_signature_experience, popularity_score, supplier_bookable_flag, needs_owner_review) VALUES ('c335ae69-724a-4b0b-b105-3da7eb4068a0', '46c94dff-84e5-4536-8db5-ef625138b66e', '7bdcd9b8-4a8e-49a0-862a-b1c9213dc30b', 'Arpora Night Market', 'Local Markets', FALSE, 58, TRUE, TRUE);
INSERT INTO experiences (id, area_id, city_id, name, category, is_signature_experience, popularity_score, supplier_bookable_flag, needs_owner_review) VALUES ('8941bd54-4e0f-4318-bdc5-da4f2956d2f6', '988799c2-ca76-484a-bd20-0bb273bd07dd', '7bdcd9b8-4a8e-49a0-862a-b1c9213dc30b', 'Palolem & Agonda Beach', 'Beaches', TRUE, 80, TRUE, TRUE);
INSERT INTO experiences (id, area_id, city_id, name, category, is_signature_experience, popularity_score, supplier_bookable_flag, needs_owner_review) VALUES ('04f63887-a387-442a-9688-1c2a44647622', '0f3c9e66-0300-4c8a-93f0-ed45ab250d2f', '7bdcd9b8-4a8e-49a0-862a-b1c9213dc30b', 'Basilica of Bom Jesus + Forts', 'Culture', FALSE, 55, TRUE, TRUE);
INSERT INTO experiences (id, area_id, city_id, name, category, is_signature_experience, popularity_score, supplier_bookable_flag, needs_owner_review) VALUES ('2b47944a-55dc-475f-ae90-c8f805c22c43', 'd2460d91-c6d2-468a-9584-923566ecece9', '48a72c99-011c-46bb-96c0-e82aad486a29', 'Backwater Houseboat Stay', 'Cruises', TRUE, 90, TRUE, TRUE);
INSERT INTO experiences (id, area_id, city_id, name, category, is_signature_experience, popularity_score, supplier_bookable_flag, needs_owner_review) VALUES ('5f6bdb3a-475f-4502-9b38-d7f72f1fea19', 'e5ac867b-6a92-401e-8e27-b7fc8a21a6e8', '48a72c99-011c-46bb-96c0-e82aad486a29', 'Tea Garden Trek + Viewpoints', 'Trekking', TRUE, 85, TRUE, TRUE);
INSERT INTO experiences (id, area_id, city_id, name, category, is_signature_experience, popularity_score, supplier_bookable_flag, needs_owner_review) VALUES ('dd49a471-1e6a-484d-a13c-a9229ba374a0', '0fd28310-e28f-4fbb-a55d-4f16fbecdadd', '48a72c99-011c-46bb-96c0-e82aad486a29', 'Fort Kochi Heritage Walk', 'Culture', FALSE, 60, TRUE, TRUE);
INSERT INTO experiences (id, area_id, city_id, name, category, is_signature_experience, popularity_score, supplier_bookable_flag, needs_owner_review) VALUES ('cf328b9b-439b-4bf5-9471-1ab10750a0e8', '08ee7ba6-d421-4491-9c46-abbcaafe4162', '1ea2ebfc-0e67-48a5-93e2-3875f5306c81', 'Paragliding + Snow Activities', 'Adventure', TRUE, 88, TRUE, TRUE);
INSERT INTO experiences (id, area_id, city_id, name, category, is_signature_experience, popularity_score, supplier_bookable_flag, needs_owner_review) VALUES ('87820775-4a4a-4c62-a9b1-199778c6ef80', '179baf43-025e-4576-8a4f-29e4aa467567', '1ea2ebfc-0e67-48a5-93e2-3875f5306c81', 'Cafe Hopping + River Walk', 'Local Markets', FALSE, 62, TRUE, TRUE);
INSERT INTO experiences (id, area_id, city_id, name, category, is_signature_experience, popularity_score, supplier_bookable_flag, needs_owner_review) VALUES ('72f06827-6939-4a56-8cd5-d23fe266a2b0', '7403e2f1-3468-4777-ae71-ebf6d01796b2', '1ea2ebfc-0e67-48a5-93e2-3875f5306c81', 'Kullu Rafting + Valley Drive', 'Water Sports', TRUE, 78, TRUE, TRUE);
INSERT INTO experiences (id, area_id, city_id, name, category, is_signature_experience, popularity_score, supplier_bookable_flag, needs_owner_review) VALUES ('675d86b4-5816-48d5-b327-fa826b47aec3', 'c42830fd-8f3e-44de-abf8-7fbca6a9fc63', '314bdfff-84fd-4054-9549-ffad084044dc', 'Amber Fort + City Palace', 'Culture', TRUE, 90, TRUE, TRUE);
INSERT INTO experiences (id, area_id, city_id, name, category, is_signature_experience, popularity_score, supplier_bookable_flag, needs_owner_review) VALUES ('86fd293a-b8f3-42c7-8383-0caa59ed81ae', 'c42830fd-8f3e-44de-abf8-7fbca6a9fc63', '314bdfff-84fd-4054-9549-ffad084044dc', 'Jaipur Bazaars (Johari/Bapu)', 'Local Markets', FALSE, 68, TRUE, TRUE);
INSERT INTO experiences (id, area_id, city_id, name, category, is_signature_experience, popularity_score, supplier_bookable_flag, needs_owner_review) VALUES ('9206e8df-8ed6-4a0d-bdb0-c408da6db0ae', '136558c2-79ad-4edf-82cc-40ed31f4bbd0', '314bdfff-84fd-4054-9549-ffad084044dc', 'Lake Pichola Boat Ride + City Palace', 'Culture', TRUE, 92, TRUE, TRUE);
INSERT INTO experiences (id, area_id, city_id, name, category, is_signature_experience, popularity_score, supplier_bookable_flag, needs_owner_review) VALUES ('5bad2a9d-73f9-4868-aa5e-c813002a8ede', 'a786adc1-f15e-4c0b-b6d5-fc74cf5bb78f', 'd35c15d9-03c1-4a83-8aef-e6bcbf1184a6', 'Radhanagar Beach + Snorkeling', 'Beaches', TRUE, 93, TRUE, TRUE);
INSERT INTO experiences (id, area_id, city_id, name, category, is_signature_experience, popularity_score, supplier_bookable_flag, needs_owner_review) VALUES ('8127fdba-5b4b-4edc-8902-9cdbd9d7b82b', 'a786adc1-f15e-4c0b-b6d5-fc74cf5bb78f', 'd35c15d9-03c1-4a83-8aef-e6bcbf1184a6', 'Scuba Diving Havelock', 'Water Sports', TRUE, 88, TRUE, TRUE);
INSERT INTO experiences (id, area_id, city_id, name, category, is_signature_experience, popularity_score, supplier_bookable_flag, needs_owner_review) VALUES ('24022c68-5f82-4186-a909-10dcf04f63b8', '3acc5c09-044a-44de-96e1-5d960e512c1f', 'd35c15d9-03c1-4a83-8aef-e6bcbf1184a6', 'Cellular Jail Light & Sound Show', 'Culture', FALSE, 65, TRUE, TRUE);
INSERT INTO experiences (id, area_id, city_id, name, category, is_signature_experience, popularity_score, supplier_bookable_flag, needs_owner_review) VALUES ('350a7c3c-010e-4d54-9bc2-807dd300a3d1', 'b6abdda6-50c4-4238-9f6c-20b1b4b34a4a', '396e7fc0-3d4c-4301-9296-dc9b83d91632', 'Dal Lake Shikara + Houseboat', 'Cruises', TRUE, 92, TRUE, TRUE);
INSERT INTO experiences (id, area_id, city_id, name, category, is_signature_experience, popularity_score, supplier_bookable_flag, needs_owner_review) VALUES ('5eb47ae6-6007-47b9-9020-361511b593c1', 'acfa5ceb-7244-41ec-9333-32f350215d2e', '396e7fc0-3d4c-4301-9296-dc9b83d91632', 'Gondola Ride + Snow Activities', 'Adventure', TRUE, 90, TRUE, TRUE);
INSERT INTO experiences (id, area_id, city_id, name, category, is_signature_experience, popularity_score, supplier_bookable_flag, needs_owner_review) VALUES ('1673a368-6873-42ad-a8e3-edd6e8f56810', 'a82f2e60-f5df-4e7f-a12f-14fa9c8adda3', '396e7fc0-3d4c-4301-9296-dc9b83d91632', 'Betaab Valley + Aru Valley', 'Nature', TRUE, 85, TRUE, TRUE);

-- experience_dimension_tags (151 rows)
INSERT INTO experience_dimension_tags (experience_id, dimension_tag_id, weight) VALUES ('dfacee79-50ff-4fbb-9fe2-5d3f46a95152', (SELECT id FROM dimension_tags WHERE dimension_name = 'Adventure'), 75);
INSERT INTO experience_dimension_tags (experience_id, dimension_tag_id, weight) VALUES ('dfacee79-50ff-4fbb-9fe2-5d3f46a95152', (SELECT id FROM dimension_tags WHERE dimension_name = 'Photography'), 60);
INSERT INTO experience_dimension_tags (experience_id, dimension_tag_id, weight) VALUES ('dfacee79-50ff-4fbb-9fe2-5d3f46a95152', (SELECT id FROM dimension_tags WHERE dimension_name = 'Culture'), 20);
INSERT INTO experience_dimension_tags (experience_id, dimension_tag_id, weight) VALUES ('b9cf79e4-e223-4c05-9288-8462f6357a8d', (SELECT id FROM dimension_tags WHERE dimension_name = 'Relaxation'), 70);
INSERT INTO experience_dimension_tags (experience_id, dimension_tag_id, weight) VALUES ('b9cf79e4-e223-4c05-9288-8462f6357a8d', (SELECT id FROM dimension_tags WHERE dimension_name = 'Nightlife'), 40);
INSERT INTO experience_dimension_tags (experience_id, dimension_tag_id, weight) VALUES ('a03beb10-494b-4075-b378-41a53e5084cc', (SELECT id FROM dimension_tags WHERE dimension_name = 'Luxury'), 90);
INSERT INTO experience_dimension_tags (experience_id, dimension_tag_id, weight) VALUES ('a03beb10-494b-4075-b378-41a53e5084cc', (SELECT id FROM dimension_tags WHERE dimension_name = 'Photography'), 80);
INSERT INTO experience_dimension_tags (experience_id, dimension_tag_id, weight) VALUES ('a03beb10-494b-4075-b378-41a53e5084cc', (SELECT id FROM dimension_tags WHERE dimension_name = 'Nightlife'), 50);
INSERT INTO experience_dimension_tags (experience_id, dimension_tag_id, weight) VALUES ('476dbc33-ac26-4b52-85da-81601496a3ad', (SELECT id FROM dimension_tags WHERE dimension_name = 'Nature'), 65);
INSERT INTO experience_dimension_tags (experience_id, dimension_tag_id, weight) VALUES ('476dbc33-ac26-4b52-85da-81601496a3ad', (SELECT id FROM dimension_tags WHERE dimension_name = 'Photography'), 85);
INSERT INTO experience_dimension_tags (experience_id, dimension_tag_id, weight) VALUES ('476dbc33-ac26-4b52-85da-81601496a3ad', (SELECT id FROM dimension_tags WHERE dimension_name = 'Relaxation'), 40);
INSERT INTO experience_dimension_tags (experience_id, dimension_tag_id, weight) VALUES ('00a31716-acda-4554-a2d2-904936e0c835', (SELECT id FROM dimension_tags WHERE dimension_name = 'Shopping'), 95);
INSERT INTO experience_dimension_tags (experience_id, dimension_tag_id, weight) VALUES ('00a31716-acda-4554-a2d2-904936e0c835', (SELECT id FROM dimension_tags WHERE dimension_name = 'Luxury'), 55);
INSERT INTO experience_dimension_tags (experience_id, dimension_tag_id, weight) VALUES ('ba73ab4c-bc15-4d9c-93ca-97dbd1ca1034', (SELECT id FROM dimension_tags WHERE dimension_name = 'Luxury'), 90);
INSERT INTO experience_dimension_tags (experience_id, dimension_tag_id, weight) VALUES ('ba73ab4c-bc15-4d9c-93ca-97dbd1ca1034', (SELECT id FROM dimension_tags WHERE dimension_name = 'Photography'), 90);
INSERT INTO experience_dimension_tags (experience_id, dimension_tag_id, weight) VALUES ('8caccafa-7a31-456b-bb13-5539411fedea', (SELECT id FROM dimension_tags WHERE dimension_name = 'Shopping'), 85);
INSERT INTO experience_dimension_tags (experience_id, dimension_tag_id, weight) VALUES ('8caccafa-7a31-456b-bb13-5539411fedea', (SELECT id FROM dimension_tags WHERE dimension_name = 'Photography'), 50);
INSERT INTO experience_dimension_tags (experience_id, dimension_tag_id, weight) VALUES ('32b21a8e-aaaf-498d-b0e7-dd12bb73e328', (SELECT id FROM dimension_tags WHERE dimension_name = 'Adventure'), 80);
INSERT INTO experience_dimension_tags (experience_id, dimension_tag_id, weight) VALUES ('32b21a8e-aaaf-498d-b0e7-dd12bb73e328', (SELECT id FROM dimension_tags WHERE dimension_name = 'Local Experiences'), 60);
INSERT INTO experience_dimension_tags (experience_id, dimension_tag_id, weight) VALUES ('32b21a8e-aaaf-498d-b0e7-dd12bb73e328', (SELECT id FROM dimension_tags WHERE dimension_name = 'Culture'), 30);
INSERT INTO experience_dimension_tags (experience_id, dimension_tag_id, weight) VALUES ('5df758d6-9bc3-470a-9df9-f1517e163e8f', (SELECT id FROM dimension_tags WHERE dimension_name = 'Culture'), 75);
INSERT INTO experience_dimension_tags (experience_id, dimension_tag_id, weight) VALUES ('5df758d6-9bc3-470a-9df9-f1517e163e8f', (SELECT id FROM dimension_tags WHERE dimension_name = 'Local Experiences'), 80);
INSERT INTO experience_dimension_tags (experience_id, dimension_tag_id, weight) VALUES ('5df758d6-9bc3-470a-9df9-f1517e163e8f', (SELECT id FROM dimension_tags WHERE dimension_name = 'Photography'), 55);
INSERT INTO experience_dimension_tags (experience_id, dimension_tag_id, weight) VALUES ('9fbc1b3f-5db9-4f4b-8f76-3a5f39432779', (SELECT id FROM dimension_tags WHERE dimension_name = 'Adventure'), 65);
INSERT INTO experience_dimension_tags (experience_id, dimension_tag_id, weight) VALUES ('9fbc1b3f-5db9-4f4b-8f76-3a5f39432779', (SELECT id FROM dimension_tags WHERE dimension_name = 'Relaxation'), 40);
INSERT INTO experience_dimension_tags (experience_id, dimension_tag_id, weight) VALUES ('a4bf6566-9443-4dd0-bc0f-374df1e491ce', (SELECT id FROM dimension_tags WHERE dimension_name = 'Culture'), 85);
INSERT INTO experience_dimension_tags (experience_id, dimension_tag_id, weight) VALUES ('a4bf6566-9443-4dd0-bc0f-374df1e491ce', (SELECT id FROM dimension_tags WHERE dimension_name = 'Photography'), 70);
INSERT INTO experience_dimension_tags (experience_id, dimension_tag_id, weight) VALUES ('6ecd3c06-bca6-4395-b6f5-bbcc6e44478c', (SELECT id FROM dimension_tags WHERE dimension_name = 'Relaxation'), 55);
INSERT INTO experience_dimension_tags (experience_id, dimension_tag_id, weight) VALUES ('6ecd3c06-bca6-4395-b6f5-bbcc6e44478c', (SELECT id FROM dimension_tags WHERE dimension_name = 'Photography'), 65);
INSERT INTO experience_dimension_tags (experience_id, dimension_tag_id, weight) VALUES ('6ecd3c06-bca6-4395-b6f5-bbcc6e44478c', (SELECT id FROM dimension_tags WHERE dimension_name = 'Local Experiences'), 40);
INSERT INTO experience_dimension_tags (experience_id, dimension_tag_id, weight) VALUES ('a611844c-ea81-498a-801c-5e8750a37748', (SELECT id FROM dimension_tags WHERE dimension_name = 'Local Experiences'), 80);
INSERT INTO experience_dimension_tags (experience_id, dimension_tag_id, weight) VALUES ('a611844c-ea81-498a-801c-5e8750a37748', (SELECT id FROM dimension_tags WHERE dimension_name = 'Food'), 65);
INSERT INTO experience_dimension_tags (experience_id, dimension_tag_id, weight) VALUES ('a611844c-ea81-498a-801c-5e8750a37748', (SELECT id FROM dimension_tags WHERE dimension_name = 'Culture'), 50);
INSERT INTO experience_dimension_tags (experience_id, dimension_tag_id, weight) VALUES ('4ddf64ee-bb07-499a-8f31-44c19dd35f45', (SELECT id FROM dimension_tags WHERE dimension_name = 'Nature'), 70);
INSERT INTO experience_dimension_tags (experience_id, dimension_tag_id, weight) VALUES ('4ddf64ee-bb07-499a-8f31-44c19dd35f45', (SELECT id FROM dimension_tags WHERE dimension_name = 'Adventure'), 50);
INSERT INTO experience_dimension_tags (experience_id, dimension_tag_id, weight) VALUES ('4ddf64ee-bb07-499a-8f31-44c19dd35f45', (SELECT id FROM dimension_tags WHERE dimension_name = 'Photography'), 75);
INSERT INTO experience_dimension_tags (experience_id, dimension_tag_id, weight) VALUES ('57cea808-ab68-43dd-aca0-3ae9d33ca6bc', (SELECT id FROM dimension_tags WHERE dimension_name = 'Nature'), 80);
INSERT INTO experience_dimension_tags (experience_id, dimension_tag_id, weight) VALUES ('57cea808-ab68-43dd-aca0-3ae9d33ca6bc', (SELECT id FROM dimension_tags WHERE dimension_name = 'Photography'), 75);
INSERT INTO experience_dimension_tags (experience_id, dimension_tag_id, weight) VALUES ('57cea808-ab68-43dd-aca0-3ae9d33ca6bc', (SELECT id FROM dimension_tags WHERE dimension_name = 'Local Experiences'), 50);
INSERT INTO experience_dimension_tags (experience_id, dimension_tag_id, weight) VALUES ('c28ad09e-6b21-42da-9a72-8f68616f25a6', (SELECT id FROM dimension_tags WHERE dimension_name = 'Relaxation'), 85);
INSERT INTO experience_dimension_tags (experience_id, dimension_tag_id, weight) VALUES ('c28ad09e-6b21-42da-9a72-8f68616f25a6', (SELECT id FROM dimension_tags WHERE dimension_name = 'Culture'), 40);
INSERT INTO experience_dimension_tags (experience_id, dimension_tag_id, weight) VALUES ('9f32249c-c951-4125-b505-511d97e91b45', (SELECT id FROM dimension_tags WHERE dimension_name = 'Relaxation'), 70);
INSERT INTO experience_dimension_tags (experience_id, dimension_tag_id, weight) VALUES ('9f32249c-c951-4125-b505-511d97e91b45', (SELECT id FROM dimension_tags WHERE dimension_name = 'Nightlife'), 60);
INSERT INTO experience_dimension_tags (experience_id, dimension_tag_id, weight) VALUES ('9f32249c-c951-4125-b505-511d97e91b45', (SELECT id FROM dimension_tags WHERE dimension_name = 'Photography'), 55);
INSERT INTO experience_dimension_tags (experience_id, dimension_tag_id, weight) VALUES ('31007c4f-e55f-41f7-92cd-cbc0ffb59e03', (SELECT id FROM dimension_tags WHERE dimension_name = 'Adventure'), 75);
INSERT INTO experience_dimension_tags (experience_id, dimension_tag_id, weight) VALUES ('31007c4f-e55f-41f7-92cd-cbc0ffb59e03', (SELECT id FROM dimension_tags WHERE dimension_name = 'Nature'), 70);
INSERT INTO experience_dimension_tags (experience_id, dimension_tag_id, weight) VALUES ('31007c4f-e55f-41f7-92cd-cbc0ffb59e03', (SELECT id FROM dimension_tags WHERE dimension_name = 'Photography'), 85);
INSERT INTO experience_dimension_tags (experience_id, dimension_tag_id, weight) VALUES ('a0bf5e15-c217-44fd-8316-9e2f8c86c0b1', (SELECT id FROM dimension_tags WHERE dimension_name = 'Luxury'), 95);
INSERT INTO experience_dimension_tags (experience_id, dimension_tag_id, weight) VALUES ('a0bf5e15-c217-44fd-8316-9e2f8c86c0b1', (SELECT id FROM dimension_tags WHERE dimension_name = 'Relaxation'), 85);
INSERT INTO experience_dimension_tags (experience_id, dimension_tag_id, weight) VALUES ('a0bf5e15-c217-44fd-8316-9e2f8c86c0b1', (SELECT id FROM dimension_tags WHERE dimension_name = 'Photography'), 80);
INSERT INTO experience_dimension_tags (experience_id, dimension_tag_id, weight) VALUES ('95836c88-a5db-414d-bb06-1fa9c488f638', (SELECT id FROM dimension_tags WHERE dimension_name = 'Adventure'), 60);
INSERT INTO experience_dimension_tags (experience_id, dimension_tag_id, weight) VALUES ('95836c88-a5db-414d-bb06-1fa9c488f638', (SELECT id FROM dimension_tags WHERE dimension_name = 'Nature'), 75);
INSERT INTO experience_dimension_tags (experience_id, dimension_tag_id, weight) VALUES ('0cfeb0ff-a880-47ca-9bde-b57adbfb1aef', (SELECT id FROM dimension_tags WHERE dimension_name = 'Relaxation'), 70);
INSERT INTO experience_dimension_tags (experience_id, dimension_tag_id, weight) VALUES ('0cfeb0ff-a880-47ca-9bde-b57adbfb1aef', (SELECT id FROM dimension_tags WHERE dimension_name = 'Photography'), 75);
INSERT INTO experience_dimension_tags (experience_id, dimension_tag_id, weight) VALUES ('c345b062-040d-4da0-bb6a-41669b59d082', (SELECT id FROM dimension_tags WHERE dimension_name = 'Culture'), 60);
INSERT INTO experience_dimension_tags (experience_id, dimension_tag_id, weight) VALUES ('c345b062-040d-4da0-bb6a-41669b59d082', (SELECT id FROM dimension_tags WHERE dimension_name = 'Local Experiences'), 75);
INSERT INTO experience_dimension_tags (experience_id, dimension_tag_id, weight) VALUES ('1dfe29e0-918b-4157-b3ee-044cfa4deaff', (SELECT id FROM dimension_tags WHERE dimension_name = 'Nature'), 85);
INSERT INTO experience_dimension_tags (experience_id, dimension_tag_id, weight) VALUES ('1dfe29e0-918b-4157-b3ee-044cfa4deaff', (SELECT id FROM dimension_tags WHERE dimension_name = 'Photography'), 85);
INSERT INTO experience_dimension_tags (experience_id, dimension_tag_id, weight) VALUES ('1dfe29e0-918b-4157-b3ee-044cfa4deaff', (SELECT id FROM dimension_tags WHERE dimension_name = 'Relaxation'), 55);
INSERT INTO experience_dimension_tags (experience_id, dimension_tag_id, weight) VALUES ('ba1c1177-7ca6-4545-98de-8711b0195c99', (SELECT id FROM dimension_tags WHERE dimension_name = 'Food'), 80);
INSERT INTO experience_dimension_tags (experience_id, dimension_tag_id, weight) VALUES ('ba1c1177-7ca6-4545-98de-8711b0195c99', (SELECT id FROM dimension_tags WHERE dimension_name = 'Culture'), 60);
INSERT INTO experience_dimension_tags (experience_id, dimension_tag_id, weight) VALUES ('ba1c1177-7ca6-4545-98de-8711b0195c99', (SELECT id FROM dimension_tags WHERE dimension_name = 'Local Experiences'), 75);
INSERT INTO experience_dimension_tags (experience_id, dimension_tag_id, weight) VALUES ('92000970-0ae5-47ab-9532-23052e26f73c', (SELECT id FROM dimension_tags WHERE dimension_name = 'Nature'), 65);
INSERT INTO experience_dimension_tags (experience_id, dimension_tag_id, weight) VALUES ('92000970-0ae5-47ab-9532-23052e26f73c', (SELECT id FROM dimension_tags WHERE dimension_name = 'Culture'), 50);
INSERT INTO experience_dimension_tags (experience_id, dimension_tag_id, weight) VALUES ('92000970-0ae5-47ab-9532-23052e26f73c', (SELECT id FROM dimension_tags WHERE dimension_name = 'Local Experiences'), 60);
INSERT INTO experience_dimension_tags (experience_id, dimension_tag_id, weight) VALUES ('9327a9e1-9233-4602-807d-575aae59315c', (SELECT id FROM dimension_tags WHERE dimension_name = 'Culture'), 85);
INSERT INTO experience_dimension_tags (experience_id, dimension_tag_id, weight) VALUES ('9327a9e1-9233-4602-807d-575aae59315c', (SELECT id FROM dimension_tags WHERE dimension_name = 'Photography'), 50);
INSERT INTO experience_dimension_tags (experience_id, dimension_tag_id, weight) VALUES ('aae6b702-de1f-4f2a-9fc5-834fdc4756be', (SELECT id FROM dimension_tags WHERE dimension_name = 'Nature'), 75);
INSERT INTO experience_dimension_tags (experience_id, dimension_tag_id, weight) VALUES ('aae6b702-de1f-4f2a-9fc5-834fdc4756be', (SELECT id FROM dimension_tags WHERE dimension_name = 'Local Experiences'), 55);
INSERT INTO experience_dimension_tags (experience_id, dimension_tag_id, weight) VALUES ('aae6b702-de1f-4f2a-9fc5-834fdc4756be', (SELECT id FROM dimension_tags WHERE dimension_name = 'Photography'), 70);
INSERT INTO experience_dimension_tags (experience_id, dimension_tag_id, weight) VALUES ('c3b2142f-7e65-444f-9f74-09647a648394', (SELECT id FROM dimension_tags WHERE dimension_name = 'Culture'), 70);
INSERT INTO experience_dimension_tags (experience_id, dimension_tag_id, weight) VALUES ('c3b2142f-7e65-444f-9f74-09647a648394', (SELECT id FROM dimension_tags WHERE dimension_name = 'Photography'), 65);
INSERT INTO experience_dimension_tags (experience_id, dimension_tag_id, weight) VALUES ('dcfdfae5-0426-4b6a-97b9-af2396820af2', (SELECT id FROM dimension_tags WHERE dimension_name = 'Adventure'), 55);
INSERT INTO experience_dimension_tags (experience_id, dimension_tag_id, weight) VALUES ('dcfdfae5-0426-4b6a-97b9-af2396820af2', (SELECT id FROM dimension_tags WHERE dimension_name = 'Nature'), 80);
INSERT INTO experience_dimension_tags (experience_id, dimension_tag_id, weight) VALUES ('fd06cc58-80a5-46d1-946d-7d864756acff', (SELECT id FROM dimension_tags WHERE dimension_name = 'Photography'), 80);
INSERT INTO experience_dimension_tags (experience_id, dimension_tag_id, weight) VALUES ('fd06cc58-80a5-46d1-946d-7d864756acff', (SELECT id FROM dimension_tags WHERE dimension_name = 'Luxury'), 50);
INSERT INTO experience_dimension_tags (experience_id, dimension_tag_id, weight) VALUES ('6778fc99-2f23-4ddf-bb73-0874a80e6fa9', (SELECT id FROM dimension_tags WHERE dimension_name = 'Culture'), 65);
INSERT INTO experience_dimension_tags (experience_id, dimension_tag_id, weight) VALUES ('6778fc99-2f23-4ddf-bb73-0874a80e6fa9', (SELECT id FROM dimension_tags WHERE dimension_name = 'Adventure'), 40);
INSERT INTO experience_dimension_tags (experience_id, dimension_tag_id, weight) VALUES ('6778fc99-2f23-4ddf-bb73-0874a80e6fa9', (SELECT id FROM dimension_tags WHERE dimension_name = 'Photography'), 60);
INSERT INTO experience_dimension_tags (experience_id, dimension_tag_id, weight) VALUES ('7a073abd-8463-47ae-b53b-4033bf80f9f5', (SELECT id FROM dimension_tags WHERE dimension_name = 'Adventure'), 70);
INSERT INTO experience_dimension_tags (experience_id, dimension_tag_id, weight) VALUES ('7a073abd-8463-47ae-b53b-4033bf80f9f5', (SELECT id FROM dimension_tags WHERE dimension_name = 'Nature'), 40);
INSERT INTO experience_dimension_tags (experience_id, dimension_tag_id, weight) VALUES ('123bec54-f3b8-407b-a453-6ddfb530c916', (SELECT id FROM dimension_tags WHERE dimension_name = 'Relaxation'), 65);
INSERT INTO experience_dimension_tags (experience_id, dimension_tag_id, weight) VALUES ('123bec54-f3b8-407b-a453-6ddfb530c916', (SELECT id FROM dimension_tags WHERE dimension_name = 'Nature'), 70);
INSERT INTO experience_dimension_tags (experience_id, dimension_tag_id, weight) VALUES ('123bec54-f3b8-407b-a453-6ddfb530c916', (SELECT id FROM dimension_tags WHERE dimension_name = 'Photography'), 65);
INSERT INTO experience_dimension_tags (experience_id, dimension_tag_id, weight) VALUES ('3f61874e-dfe3-4779-8d2c-b4fe5e4da01d', (SELECT id FROM dimension_tags WHERE dimension_name = 'Relaxation'), 70);
INSERT INTO experience_dimension_tags (experience_id, dimension_tag_id, weight) VALUES ('3f61874e-dfe3-4779-8d2c-b4fe5e4da01d', (SELECT id FROM dimension_tags WHERE dimension_name = 'Adventure'), 40);
INSERT INTO experience_dimension_tags (experience_id, dimension_tag_id, weight) VALUES ('3f61874e-dfe3-4779-8d2c-b4fe5e4da01d', (SELECT id FROM dimension_tags WHERE dimension_name = 'Photography'), 70);
INSERT INTO experience_dimension_tags (experience_id, dimension_tag_id, weight) VALUES ('b2ced78d-2bcf-4221-b97e-25f7955f98d4', (SELECT id FROM dimension_tags WHERE dimension_name = 'Nature'), 85);
INSERT INTO experience_dimension_tags (experience_id, dimension_tag_id, weight) VALUES ('b2ced78d-2bcf-4221-b97e-25f7955f98d4', (SELECT id FROM dimension_tags WHERE dimension_name = 'Photography'), 80);
INSERT INTO experience_dimension_tags (experience_id, dimension_tag_id, weight) VALUES ('8b8be63e-238a-487a-add0-cc41d0ca06f8', (SELECT id FROM dimension_tags WHERE dimension_name = 'Food'), 75);
INSERT INTO experience_dimension_tags (experience_id, dimension_tag_id, weight) VALUES ('8b8be63e-238a-487a-add0-cc41d0ca06f8', (SELECT id FROM dimension_tags WHERE dimension_name = 'Local Experiences'), 70);
INSERT INTO experience_dimension_tags (experience_id, dimension_tag_id, weight) VALUES ('8b8be63e-238a-487a-add0-cc41d0ca06f8', (SELECT id FROM dimension_tags WHERE dimension_name = 'Culture'), 50);
INSERT INTO experience_dimension_tags (experience_id, dimension_tag_id, weight) VALUES ('532cf3b4-8e3f-40a0-b5ca-3725a0a6f46f', (SELECT id FROM dimension_tags WHERE dimension_name = 'Adventure'), 75);
INSERT INTO experience_dimension_tags (experience_id, dimension_tag_id, weight) VALUES ('532cf3b4-8e3f-40a0-b5ca-3725a0a6f46f', (SELECT id FROM dimension_tags WHERE dimension_name = 'Culture'), 70);
INSERT INTO experience_dimension_tags (experience_id, dimension_tag_id, weight) VALUES ('532cf3b4-8e3f-40a0-b5ca-3725a0a6f46f', (SELECT id FROM dimension_tags WHERE dimension_name = 'Photography'), 85);
INSERT INTO experience_dimension_tags (experience_id, dimension_tag_id, weight) VALUES ('c2e3e544-6a77-41fe-947c-43d108775d16', (SELECT id FROM dimension_tags WHERE dimension_name = 'Culture'), 80);
INSERT INTO experience_dimension_tags (experience_id, dimension_tag_id, weight) VALUES ('c2e3e544-6a77-41fe-947c-43d108775d16', (SELECT id FROM dimension_tags WHERE dimension_name = 'Photography'), 60);
INSERT INTO experience_dimension_tags (experience_id, dimension_tag_id, weight) VALUES ('c2e3e544-6a77-41fe-947c-43d108775d16', (SELECT id FROM dimension_tags WHERE dimension_name = 'Local Experiences'), 55);
INSERT INTO experience_dimension_tags (experience_id, dimension_tag_id, weight) VALUES ('0702765d-b037-4c95-8756-624d5005a555', (SELECT id FROM dimension_tags WHERE dimension_name = 'Culture'), 75);
INSERT INTO experience_dimension_tags (experience_id, dimension_tag_id, weight) VALUES ('0702765d-b037-4c95-8756-624d5005a555', (SELECT id FROM dimension_tags WHERE dimension_name = 'Nature'), 55);
INSERT INTO experience_dimension_tags (experience_id, dimension_tag_id, weight) VALUES ('0702765d-b037-4c95-8756-624d5005a555', (SELECT id FROM dimension_tags WHERE dimension_name = 'Photography'), 80);
INSERT INTO experience_dimension_tags (experience_id, dimension_tag_id, weight) VALUES ('b3e4b9e2-1395-41ac-b7f3-1aed00b1c618', (SELECT id FROM dimension_tags WHERE dimension_name = 'Relaxation'), 65);
INSERT INTO experience_dimension_tags (experience_id, dimension_tag_id, weight) VALUES ('b3e4b9e2-1395-41ac-b7f3-1aed00b1c618', (SELECT id FROM dimension_tags WHERE dimension_name = 'Nightlife'), 55);
INSERT INTO experience_dimension_tags (experience_id, dimension_tag_id, weight) VALUES ('c335ae69-724a-4b0b-b105-3da7eb4068a0', (SELECT id FROM dimension_tags WHERE dimension_name = 'Shopping'), 65);
INSERT INTO experience_dimension_tags (experience_id, dimension_tag_id, weight) VALUES ('c335ae69-724a-4b0b-b105-3da7eb4068a0', (SELECT id FROM dimension_tags WHERE dimension_name = 'Local Experiences'), 60);
INSERT INTO experience_dimension_tags (experience_id, dimension_tag_id, weight) VALUES ('c335ae69-724a-4b0b-b105-3da7eb4068a0', (SELECT id FROM dimension_tags WHERE dimension_name = 'Nightlife'), 50);
INSERT INTO experience_dimension_tags (experience_id, dimension_tag_id, weight) VALUES ('8941bd54-4e0f-4318-bdc5-da4f2956d2f6', (SELECT id FROM dimension_tags WHERE dimension_name = 'Relaxation'), 85);
INSERT INTO experience_dimension_tags (experience_id, dimension_tag_id, weight) VALUES ('8941bd54-4e0f-4318-bdc5-da4f2956d2f6', (SELECT id FROM dimension_tags WHERE dimension_name = 'Nature'), 60);
INSERT INTO experience_dimension_tags (experience_id, dimension_tag_id, weight) VALUES ('04f63887-a387-442a-9688-1c2a44647622', (SELECT id FROM dimension_tags WHERE dimension_name = 'Culture'), 65);
INSERT INTO experience_dimension_tags (experience_id, dimension_tag_id, weight) VALUES ('04f63887-a387-442a-9688-1c2a44647622', (SELECT id FROM dimension_tags WHERE dimension_name = 'Photography'), 55);
INSERT INTO experience_dimension_tags (experience_id, dimension_tag_id, weight) VALUES ('2b47944a-55dc-475f-ae90-c8f805c22c43', (SELECT id FROM dimension_tags WHERE dimension_name = 'Relaxation'), 85);
INSERT INTO experience_dimension_tags (experience_id, dimension_tag_id, weight) VALUES ('2b47944a-55dc-475f-ae90-c8f805c22c43', (SELECT id FROM dimension_tags WHERE dimension_name = 'Nature'), 70);
INSERT INTO experience_dimension_tags (experience_id, dimension_tag_id, weight) VALUES ('2b47944a-55dc-475f-ae90-c8f805c22c43', (SELECT id FROM dimension_tags WHERE dimension_name = 'Photography'), 60);
INSERT INTO experience_dimension_tags (experience_id, dimension_tag_id, weight) VALUES ('5f6bdb3a-475f-4502-9b38-d7f72f1fea19', (SELECT id FROM dimension_tags WHERE dimension_name = 'Nature'), 85);
INSERT INTO experience_dimension_tags (experience_id, dimension_tag_id, weight) VALUES ('5f6bdb3a-475f-4502-9b38-d7f72f1fea19', (SELECT id FROM dimension_tags WHERE dimension_name = 'Adventure'), 45);
INSERT INTO experience_dimension_tags (experience_id, dimension_tag_id, weight) VALUES ('5f6bdb3a-475f-4502-9b38-d7f72f1fea19', (SELECT id FROM dimension_tags WHERE dimension_name = 'Photography'), 75);
INSERT INTO experience_dimension_tags (experience_id, dimension_tag_id, weight) VALUES ('dd49a471-1e6a-484d-a13c-a9229ba374a0', (SELECT id FROM dimension_tags WHERE dimension_name = 'Culture'), 65);
INSERT INTO experience_dimension_tags (experience_id, dimension_tag_id, weight) VALUES ('dd49a471-1e6a-484d-a13c-a9229ba374a0', (SELECT id FROM dimension_tags WHERE dimension_name = 'Local Experiences'), 55);
INSERT INTO experience_dimension_tags (experience_id, dimension_tag_id, weight) VALUES ('dd49a471-1e6a-484d-a13c-a9229ba374a0', (SELECT id FROM dimension_tags WHERE dimension_name = 'Photography'), 55);
INSERT INTO experience_dimension_tags (experience_id, dimension_tag_id, weight) VALUES ('cf328b9b-439b-4bf5-9471-1ab10750a0e8', (SELECT id FROM dimension_tags WHERE dimension_name = 'Adventure'), 85);
INSERT INTO experience_dimension_tags (experience_id, dimension_tag_id, weight) VALUES ('cf328b9b-439b-4bf5-9471-1ab10750a0e8', (SELECT id FROM dimension_tags WHERE dimension_name = 'Nature'), 60);
INSERT INTO experience_dimension_tags (experience_id, dimension_tag_id, weight) VALUES ('cf328b9b-439b-4bf5-9471-1ab10750a0e8', (SELECT id FROM dimension_tags WHERE dimension_name = 'Photography'), 65);
INSERT INTO experience_dimension_tags (experience_id, dimension_tag_id, weight) VALUES ('87820775-4a4a-4c62-a9b1-199778c6ef80', (SELECT id FROM dimension_tags WHERE dimension_name = 'Relaxation'), 55);
INSERT INTO experience_dimension_tags (experience_id, dimension_tag_id, weight) VALUES ('87820775-4a4a-4c62-a9b1-199778c6ef80', (SELECT id FROM dimension_tags WHERE dimension_name = 'Local Experiences'), 65);
INSERT INTO experience_dimension_tags (experience_id, dimension_tag_id, weight) VALUES ('87820775-4a4a-4c62-a9b1-199778c6ef80', (SELECT id FROM dimension_tags WHERE dimension_name = 'Food'), 50);
INSERT INTO experience_dimension_tags (experience_id, dimension_tag_id, weight) VALUES ('72f06827-6939-4a56-8cd5-d23fe266a2b0', (SELECT id FROM dimension_tags WHERE dimension_name = 'Adventure'), 75);
INSERT INTO experience_dimension_tags (experience_id, dimension_tag_id, weight) VALUES ('72f06827-6939-4a56-8cd5-d23fe266a2b0', (SELECT id FROM dimension_tags WHERE dimension_name = 'Nature'), 70);
INSERT INTO experience_dimension_tags (experience_id, dimension_tag_id, weight) VALUES ('675d86b4-5816-48d5-b327-fa826b47aec3', (SELECT id FROM dimension_tags WHERE dimension_name = 'Culture'), 85);
INSERT INTO experience_dimension_tags (experience_id, dimension_tag_id, weight) VALUES ('675d86b4-5816-48d5-b327-fa826b47aec3', (SELECT id FROM dimension_tags WHERE dimension_name = 'Photography'), 75);
INSERT INTO experience_dimension_tags (experience_id, dimension_tag_id, weight) VALUES ('675d86b4-5816-48d5-b327-fa826b47aec3', (SELECT id FROM dimension_tags WHERE dimension_name = 'Luxury'), 40);
INSERT INTO experience_dimension_tags (experience_id, dimension_tag_id, weight) VALUES ('86fd293a-b8f3-42c7-8383-0caa59ed81ae', (SELECT id FROM dimension_tags WHERE dimension_name = 'Shopping'), 80);
INSERT INTO experience_dimension_tags (experience_id, dimension_tag_id, weight) VALUES ('86fd293a-b8f3-42c7-8383-0caa59ed81ae', (SELECT id FROM dimension_tags WHERE dimension_name = 'Local Experiences'), 65);
INSERT INTO experience_dimension_tags (experience_id, dimension_tag_id, weight) VALUES ('9206e8df-8ed6-4a0d-bdb0-c408da6db0ae', (SELECT id FROM dimension_tags WHERE dimension_name = 'Culture'), 75);
INSERT INTO experience_dimension_tags (experience_id, dimension_tag_id, weight) VALUES ('9206e8df-8ed6-4a0d-bdb0-c408da6db0ae', (SELECT id FROM dimension_tags WHERE dimension_name = 'Luxury'), 55);
INSERT INTO experience_dimension_tags (experience_id, dimension_tag_id, weight) VALUES ('9206e8df-8ed6-4a0d-bdb0-c408da6db0ae', (SELECT id FROM dimension_tags WHERE dimension_name = 'Photography'), 85);
INSERT INTO experience_dimension_tags (experience_id, dimension_tag_id, weight) VALUES ('5bad2a9d-73f9-4868-aa5e-c813002a8ede', (SELECT id FROM dimension_tags WHERE dimension_name = 'Relaxation'), 80);
INSERT INTO experience_dimension_tags (experience_id, dimension_tag_id, weight) VALUES ('5bad2a9d-73f9-4868-aa5e-c813002a8ede', (SELECT id FROM dimension_tags WHERE dimension_name = 'Nature'), 70);
INSERT INTO experience_dimension_tags (experience_id, dimension_tag_id, weight) VALUES ('5bad2a9d-73f9-4868-aa5e-c813002a8ede', (SELECT id FROM dimension_tags WHERE dimension_name = 'Photography'), 75);
INSERT INTO experience_dimension_tags (experience_id, dimension_tag_id, weight) VALUES ('8127fdba-5b4b-4edc-8902-9cdbd9d7b82b', (SELECT id FROM dimension_tags WHERE dimension_name = 'Adventure'), 85);
INSERT INTO experience_dimension_tags (experience_id, dimension_tag_id, weight) VALUES ('8127fdba-5b4b-4edc-8902-9cdbd9d7b82b', (SELECT id FROM dimension_tags WHERE dimension_name = 'Nature'), 65);
INSERT INTO experience_dimension_tags (experience_id, dimension_tag_id, weight) VALUES ('24022c68-5f82-4186-a909-10dcf04f63b8', (SELECT id FROM dimension_tags WHERE dimension_name = 'Culture'), 70);
INSERT INTO experience_dimension_tags (experience_id, dimension_tag_id, weight) VALUES ('24022c68-5f82-4186-a909-10dcf04f63b8', (SELECT id FROM dimension_tags WHERE dimension_name = 'Photography'), 50);
INSERT INTO experience_dimension_tags (experience_id, dimension_tag_id, weight) VALUES ('350a7c3c-010e-4d54-9bc2-807dd300a3d1', (SELECT id FROM dimension_tags WHERE dimension_name = 'Relaxation'), 75);
INSERT INTO experience_dimension_tags (experience_id, dimension_tag_id, weight) VALUES ('350a7c3c-010e-4d54-9bc2-807dd300a3d1', (SELECT id FROM dimension_tags WHERE dimension_name = 'Photography'), 80);
INSERT INTO experience_dimension_tags (experience_id, dimension_tag_id, weight) VALUES ('350a7c3c-010e-4d54-9bc2-807dd300a3d1', (SELECT id FROM dimension_tags WHERE dimension_name = 'Local Experiences'), 50);
INSERT INTO experience_dimension_tags (experience_id, dimension_tag_id, weight) VALUES ('5eb47ae6-6007-47b9-9020-361511b593c1', (SELECT id FROM dimension_tags WHERE dimension_name = 'Adventure'), 75);
INSERT INTO experience_dimension_tags (experience_id, dimension_tag_id, weight) VALUES ('5eb47ae6-6007-47b9-9020-361511b593c1', (SELECT id FROM dimension_tags WHERE dimension_name = 'Nature'), 85);
INSERT INTO experience_dimension_tags (experience_id, dimension_tag_id, weight) VALUES ('5eb47ae6-6007-47b9-9020-361511b593c1', (SELECT id FROM dimension_tags WHERE dimension_name = 'Photography'), 85);
INSERT INTO experience_dimension_tags (experience_id, dimension_tag_id, weight) VALUES ('1673a368-6873-42ad-a8e3-edd6e8f56810', (SELECT id FROM dimension_tags WHERE dimension_name = 'Nature'), 85);
INSERT INTO experience_dimension_tags (experience_id, dimension_tag_id, weight) VALUES ('1673a368-6873-42ad-a8e3-edd6e8f56810', (SELECT id FROM dimension_tags WHERE dimension_name = 'Relaxation'), 50);
INSERT INTO experience_dimension_tags (experience_id, dimension_tag_id, weight) VALUES ('1673a368-6873-42ad-a8e3-edd6e8f56810', (SELECT id FROM dimension_tags WHERE dimension_name = 'Photography'), 80);

-- experience_exclusion_tags (40 rows)
INSERT INTO experience_exclusion_tags (experience_id, disappointment_tag_id) VALUES ('dfacee79-50ff-4fbb-9fe2-5d3f46a95152', (SELECT id FROM disappointment_tags WHERE tag_name = 'Crowds'));
INSERT INTO experience_exclusion_tags (experience_id, disappointment_tag_id) VALUES ('dfacee79-50ff-4fbb-9fe2-5d3f46a95152', (SELECT id FROM disappointment_tags WHERE tag_name = 'Long Travel Time'));
INSERT INTO experience_exclusion_tags (experience_id, disappointment_tag_id) VALUES ('a03beb10-494b-4075-b378-41a53e5084cc', (SELECT id FROM disappointment_tags WHERE tag_name = 'Expensive Activities'));
INSERT INTO experience_exclusion_tags (experience_id, disappointment_tag_id) VALUES ('ba73ab4c-bc15-4d9c-93ca-97dbd1ca1034', (SELECT id FROM disappointment_tags WHERE tag_name = 'Expensive Activities'));
INSERT INTO experience_exclusion_tags (experience_id, disappointment_tag_id) VALUES ('ba73ab4c-bc15-4d9c-93ca-97dbd1ca1034', (SELECT id FROM disappointment_tags WHERE tag_name = 'Crowds'));
INSERT INTO experience_exclusion_tags (experience_id, disappointment_tag_id) VALUES ('32b21a8e-aaaf-498d-b0e7-dd12bb73e328', (SELECT id FROM disappointment_tags WHERE tag_name = 'Long Travel Time'));
INSERT INTO experience_exclusion_tags (experience_id, disappointment_tag_id) VALUES ('5df758d6-9bc3-470a-9df9-f1517e163e8f', (SELECT id FROM disappointment_tags WHERE tag_name = 'Too Much Walking'));
INSERT INTO experience_exclusion_tags (experience_id, disappointment_tag_id) VALUES ('9fbc1b3f-5db9-4f4b-8f76-3a5f39432779', (SELECT id FROM disappointment_tags WHERE tag_name = 'Crowds'));
INSERT INTO experience_exclusion_tags (experience_id, disappointment_tag_id) VALUES ('a4bf6566-9443-4dd0-bc0f-374df1e491ce', (SELECT id FROM disappointment_tags WHERE tag_name = 'Crowds'));
INSERT INTO experience_exclusion_tags (experience_id, disappointment_tag_id) VALUES ('a611844c-ea81-498a-801c-5e8750a37748', (SELECT id FROM disappointment_tags WHERE tag_name = 'Too Much Walking'));
INSERT INTO experience_exclusion_tags (experience_id, disappointment_tag_id) VALUES ('4ddf64ee-bb07-499a-8f31-44c19dd35f45', (SELECT id FROM disappointment_tags WHERE tag_name = 'Long Travel Time'));
INSERT INTO experience_exclusion_tags (experience_id, disappointment_tag_id) VALUES ('57cea808-ab68-43dd-aca0-3ae9d33ca6bc', (SELECT id FROM disappointment_tags WHERE tag_name = 'Crowds'));
INSERT INTO experience_exclusion_tags (experience_id, disappointment_tag_id) VALUES ('31007c4f-e55f-41f7-92cd-cbc0ffb59e03', (SELECT id FROM disappointment_tags WHERE tag_name = 'Long Travel Time'));
INSERT INTO experience_exclusion_tags (experience_id, disappointment_tag_id) VALUES ('a0bf5e15-c217-44fd-8316-9e2f8c86c0b1', (SELECT id FROM disappointment_tags WHERE tag_name = 'Expensive Activities'));
INSERT INTO experience_exclusion_tags (experience_id, disappointment_tag_id) VALUES ('c345b062-040d-4da0-bb6a-41669b59d082', (SELECT id FROM disappointment_tags WHERE tag_name = 'Long Travel Time'));
INSERT INTO experience_exclusion_tags (experience_id, disappointment_tag_id) VALUES ('1dfe29e0-918b-4157-b3ee-044cfa4deaff', (SELECT id FROM disappointment_tags WHERE tag_name = 'Long Travel Time'));
INSERT INTO experience_exclusion_tags (experience_id, disappointment_tag_id) VALUES ('ba1c1177-7ca6-4545-98de-8711b0195c99', (SELECT id FROM disappointment_tags WHERE tag_name = 'Too Much Walking'));
INSERT INTO experience_exclusion_tags (experience_id, disappointment_tag_id) VALUES ('92000970-0ae5-47ab-9532-23052e26f73c', (SELECT id FROM disappointment_tags WHERE tag_name = 'Long Travel Time'));
INSERT INTO experience_exclusion_tags (experience_id, disappointment_tag_id) VALUES ('9327a9e1-9233-4602-807d-575aae59315c', (SELECT id FROM disappointment_tags WHERE tag_name = 'Crowds'));
INSERT INTO experience_exclusion_tags (experience_id, disappointment_tag_id) VALUES ('aae6b702-de1f-4f2a-9fc5-834fdc4756be', (SELECT id FROM disappointment_tags WHERE tag_name = 'Long Travel Time'));
INSERT INTO experience_exclusion_tags (experience_id, disappointment_tag_id) VALUES ('c3b2142f-7e65-444f-9f74-09647a648394', (SELECT id FROM disappointment_tags WHERE tag_name = 'Too Much Walking'));
INSERT INTO experience_exclusion_tags (experience_id, disappointment_tag_id) VALUES ('fd06cc58-80a5-46d1-946d-7d864756acff', (SELECT id FROM disappointment_tags WHERE tag_name = 'Crowds'));
INSERT INTO experience_exclusion_tags (experience_id, disappointment_tag_id) VALUES ('6778fc99-2f23-4ddf-bb73-0874a80e6fa9', (SELECT id FROM disappointment_tags WHERE tag_name = 'Too Much Walking'));
INSERT INTO experience_exclusion_tags (experience_id, disappointment_tag_id) VALUES ('7a073abd-8463-47ae-b53b-4033bf80f9f5', (SELECT id FROM disappointment_tags WHERE tag_name = 'Long Travel Time'));
INSERT INTO experience_exclusion_tags (experience_id, disappointment_tag_id) VALUES ('b2ced78d-2bcf-4221-b97e-25f7955f98d4', (SELECT id FROM disappointment_tags WHERE tag_name = 'Long Travel Time'));
INSERT INTO experience_exclusion_tags (experience_id, disappointment_tag_id) VALUES ('8b8be63e-238a-487a-add0-cc41d0ca06f8', (SELECT id FROM disappointment_tags WHERE tag_name = 'Too Much Walking'));
INSERT INTO experience_exclusion_tags (experience_id, disappointment_tag_id) VALUES ('532cf3b4-8e3f-40a0-b5ca-3725a0a6f46f', (SELECT id FROM disappointment_tags WHERE tag_name = 'Too Much Walking'));
INSERT INTO experience_exclusion_tags (experience_id, disappointment_tag_id) VALUES ('0702765d-b037-4c95-8756-624d5005a555', (SELECT id FROM disappointment_tags WHERE tag_name = 'Long Travel Time'));
INSERT INTO experience_exclusion_tags (experience_id, disappointment_tag_id) VALUES ('b3e4b9e2-1395-41ac-b7f3-1aed00b1c618', (SELECT id FROM disappointment_tags WHERE tag_name = 'Crowds'));
INSERT INTO experience_exclusion_tags (experience_id, disappointment_tag_id) VALUES ('04f63887-a387-442a-9688-1c2a44647622', (SELECT id FROM disappointment_tags WHERE tag_name = 'Too Much Walking'));
INSERT INTO experience_exclusion_tags (experience_id, disappointment_tag_id) VALUES ('5f6bdb3a-475f-4502-9b38-d7f72f1fea19', (SELECT id FROM disappointment_tags WHERE tag_name = 'Long Travel Time'));
INSERT INTO experience_exclusion_tags (experience_id, disappointment_tag_id) VALUES ('dd49a471-1e6a-484d-a13c-a9229ba374a0', (SELECT id FROM disappointment_tags WHERE tag_name = 'Too Much Walking'));
INSERT INTO experience_exclusion_tags (experience_id, disappointment_tag_id) VALUES ('cf328b9b-439b-4bf5-9471-1ab10750a0e8', (SELECT id FROM disappointment_tags WHERE tag_name = 'Long Travel Time'));
INSERT INTO experience_exclusion_tags (experience_id, disappointment_tag_id) VALUES ('72f06827-6939-4a56-8cd5-d23fe266a2b0', (SELECT id FROM disappointment_tags WHERE tag_name = 'Long Travel Time'));
INSERT INTO experience_exclusion_tags (experience_id, disappointment_tag_id) VALUES ('675d86b4-5816-48d5-b327-fa826b47aec3', (SELECT id FROM disappointment_tags WHERE tag_name = 'Crowds'));
INSERT INTO experience_exclusion_tags (experience_id, disappointment_tag_id) VALUES ('86fd293a-b8f3-42c7-8383-0caa59ed81ae', (SELECT id FROM disappointment_tags WHERE tag_name = 'Too Much Walking'));
INSERT INTO experience_exclusion_tags (experience_id, disappointment_tag_id) VALUES ('5bad2a9d-73f9-4868-aa5e-c813002a8ede', (SELECT id FROM disappointment_tags WHERE tag_name = 'Long Travel Time'));
INSERT INTO experience_exclusion_tags (experience_id, disappointment_tag_id) VALUES ('8127fdba-5b4b-4edc-8902-9cdbd9d7b82b', (SELECT id FROM disappointment_tags WHERE tag_name = 'Expensive Activities'));
INSERT INTO experience_exclusion_tags (experience_id, disappointment_tag_id) VALUES ('5eb47ae6-6007-47b9-9020-361511b593c1', (SELECT id FROM disappointment_tags WHERE tag_name = 'Long Travel Time'));
INSERT INTO experience_exclusion_tags (experience_id, disappointment_tag_id) VALUES ('1673a368-6873-42ad-a8e3-edd6e8f56810', (SELECT id FROM disappointment_tags WHERE tag_name = 'Long Travel Time'));

-- hotel_categories (57 rows)
INSERT INTO hotel_categories (id, city_id, tier, avg_price_band_per_night, supplier_availability_flag) VALUES ('f1b7bdeb-eb09-4143-addb-3b0d552016d3', 'c26ec203-53b1-4b83-9958-90bcfb3a01de', '3_star', 6000, TRUE);
INSERT INTO hotel_categories (id, city_id, tier, avg_price_band_per_night, supplier_availability_flag) VALUES ('cac5c27d-cc1d-4662-bae1-6a59fa391c53', 'c26ec203-53b1-4b83-9958-90bcfb3a01de', '4_star', 12000, TRUE);
INSERT INTO hotel_categories (id, city_id, tier, avg_price_band_per_night, supplier_availability_flag) VALUES ('71a0b54a-e2ca-4abe-b8fe-2e88dd588293', 'c26ec203-53b1-4b83-9958-90bcfb3a01de', '5_star', 22000, TRUE);
INSERT INTO hotel_categories (id, city_id, tier, avg_price_band_per_night, supplier_availability_flag) VALUES ('05dcdb03-70fc-43a3-8406-8eb321307029', 'c26ec203-53b1-4b83-9958-90bcfb3a01de', 'luxury', 35000, TRUE);
INSERT INTO hotel_categories (id, city_id, tier, avg_price_band_per_night, supplier_availability_flag) VALUES ('bcfccc48-4502-488b-be12-5bbede61136f', 'ea99d447-5524-437d-87fe-fb95036f6143', '3_star', 7000, TRUE);
INSERT INTO hotel_categories (id, city_id, tier, avg_price_band_per_night, supplier_availability_flag) VALUES ('6f328396-9684-4a46-8e87-789fcad60f48', 'ea99d447-5524-437d-87fe-fb95036f6143', '4_star', 13000, TRUE);
INSERT INTO hotel_categories (id, city_id, tier, avg_price_band_per_night, supplier_availability_flag) VALUES ('2dff2acf-efff-4222-b511-39bfca9348c3', 'ea99d447-5524-437d-87fe-fb95036f6143', '5_star', 24000, TRUE);
INSERT INTO hotel_categories (id, city_id, tier, avg_price_band_per_night, supplier_availability_flag) VALUES ('6bd4d68e-751e-4e61-8dc5-7990c2a9f63e', 'ea99d447-5524-437d-87fe-fb95036f6143', 'luxury', 45000, TRUE);
INSERT INTO hotel_categories (id, city_id, tier, avg_price_band_per_night, supplier_availability_flag) VALUES ('0a66f53a-ea14-47a2-8677-a3739a2b0fde', '52b3a5dc-9eb7-4a77-b7b0-b567aee57404', '3_star', 4500, TRUE);
INSERT INTO hotel_categories (id, city_id, tier, avg_price_band_per_night, supplier_availability_flag) VALUES ('48f9e2f1-2293-48be-8e62-914af04c9494', '52b3a5dc-9eb7-4a77-b7b0-b567aee57404', '4_star', 8500, TRUE);
INSERT INTO hotel_categories (id, city_id, tier, avg_price_band_per_night, supplier_availability_flag) VALUES ('8a9093ee-5480-487f-affc-bc77f817ddd8', '52b3a5dc-9eb7-4a77-b7b0-b567aee57404', '5_star', 16000, TRUE);
INSERT INTO hotel_categories (id, city_id, tier, avg_price_band_per_night, supplier_availability_flag) VALUES ('921fa4bf-c961-49c8-aa90-d3ab4f72d1ce', '52b3a5dc-9eb7-4a77-b7b0-b567aee57404', 'luxury', 28000, TRUE);
INSERT INTO hotel_categories (id, city_id, tier, avg_price_band_per_night, supplier_availability_flag) VALUES ('aa669466-b120-4d03-a594-d50bed5001ea', '504d8137-8e84-4199-8978-b821f5213233', '3_star', 3500, TRUE);
INSERT INTO hotel_categories (id, city_id, tier, avg_price_band_per_night, supplier_availability_flag) VALUES ('fb08de9e-7b4f-4d17-95a0-8241196d4413', '504d8137-8e84-4199-8978-b821f5213233', '4_star', 7000, TRUE);
INSERT INTO hotel_categories (id, city_id, tier, avg_price_band_per_night, supplier_availability_flag) VALUES ('6e113747-6e5e-4161-a8c2-64489575c2c2', '504d8137-8e84-4199-8978-b821f5213233', '5_star', 14000, TRUE);
INSERT INTO hotel_categories (id, city_id, tier, avg_price_band_per_night, supplier_availability_flag) VALUES ('97f08c5a-fb4f-4a17-ab0c-050dbd4924d0', '504d8137-8e84-4199-8978-b821f5213233', 'luxury', 26000, TRUE);
INSERT INTO hotel_categories (id, city_id, tier, avg_price_band_per_night, supplier_availability_flag) VALUES ('583736fb-3031-44dd-9721-95f0e67fbec4', 'e58e1f8b-f08b-4c15-a474-bd781f996220', '4_star', 18000, TRUE);
INSERT INTO hotel_categories (id, city_id, tier, avg_price_band_per_night, supplier_availability_flag) VALUES ('9c16c5ea-acaf-4bb1-b201-e6660ce944c6', 'e58e1f8b-f08b-4c15-a474-bd781f996220', '5_star', 32000, TRUE);
INSERT INTO hotel_categories (id, city_id, tier, avg_price_band_per_night, supplier_availability_flag) VALUES ('05d13da9-dcf9-421f-a063-e694d5242cd1', 'e58e1f8b-f08b-4c15-a474-bd781f996220', 'luxury', 55000, TRUE);
INSERT INTO hotel_categories (id, city_id, tier, avg_price_band_per_night, supplier_availability_flag) VALUES ('fd4e8b5d-2778-4d2e-ba1e-d537bf425fdb', '6057aad2-c3e7-4733-9c57-202eccfc52a6', '3_star', 3000, TRUE);
INSERT INTO hotel_categories (id, city_id, tier, avg_price_band_per_night, supplier_availability_flag) VALUES ('9ebb4f6d-c628-4a51-9eaf-c4787df7ed6a', '6057aad2-c3e7-4733-9c57-202eccfc52a6', '4_star', 6000, TRUE);
INSERT INTO hotel_categories (id, city_id, tier, avg_price_band_per_night, supplier_availability_flag) VALUES ('4389dcd6-0ef9-4883-83d7-5fbe098666c5', '6057aad2-c3e7-4733-9c57-202eccfc52a6', '5_star', 12000, TRUE);
INSERT INTO hotel_categories (id, city_id, tier, avg_price_band_per_night, supplier_availability_flag) VALUES ('5dadf207-c11c-48f4-8d7e-aaf63cd71365', '6057aad2-c3e7-4733-9c57-202eccfc52a6', 'luxury', 22000, TRUE);
INSERT INTO hotel_categories (id, city_id, tier, avg_price_band_per_night, supplier_availability_flag) VALUES ('d4170ffa-a482-4675-9e81-7dae14d0d5cd', '61ea5494-aa76-49be-a659-0b270db3d2cc', '3_star', 3200, TRUE);
INSERT INTO hotel_categories (id, city_id, tier, avg_price_band_per_night, supplier_availability_flag) VALUES ('e282741c-2b6f-41ea-81df-aa17fa267f27', '61ea5494-aa76-49be-a659-0b270db3d2cc', '4_star', 6500, TRUE);
INSERT INTO hotel_categories (id, city_id, tier, avg_price_band_per_night, supplier_availability_flag) VALUES ('11b46de0-e9bd-4845-9258-946e1ca8833a', '61ea5494-aa76-49be-a659-0b270db3d2cc', '5_star', 13000, TRUE);
INSERT INTO hotel_categories (id, city_id, tier, avg_price_band_per_night, supplier_availability_flag) VALUES ('7a90a3fa-9af1-44fd-98b3-c7bf1e2586a8', '61ea5494-aa76-49be-a659-0b270db3d2cc', 'luxury', 24000, TRUE);
INSERT INTO hotel_categories (id, city_id, tier, avg_price_band_per_night, supplier_availability_flag) VALUES ('b29dc723-078f-4004-a48f-680e65aa4d8d', 'beb54bd5-465a-441b-acf6-b7d3f76e5a8e', '3_star', 3000, TRUE);
INSERT INTO hotel_categories (id, city_id, tier, avg_price_band_per_night, supplier_availability_flag) VALUES ('e84141c9-abd2-4479-b6ad-57a8faca48fe', 'beb54bd5-465a-441b-acf6-b7d3f76e5a8e', '4_star', 6000, TRUE);
INSERT INTO hotel_categories (id, city_id, tier, avg_price_band_per_night, supplier_availability_flag) VALUES ('346a802f-8192-496b-bb26-e9d2c518f3cd', 'beb54bd5-465a-441b-acf6-b7d3f76e5a8e', '5_star', 11000, TRUE);
INSERT INTO hotel_categories (id, city_id, tier, avg_price_band_per_night, supplier_availability_flag) VALUES ('a78da414-e373-4364-9ffb-c42ca129b522', 'beb54bd5-465a-441b-acf6-b7d3f76e5a8e', 'luxury', 20000, TRUE);
INSERT INTO hotel_categories (id, city_id, tier, avg_price_band_per_night, supplier_availability_flag) VALUES ('3be2d27b-b477-4f89-b057-1a42210ab6ec', '69a879f7-3e51-46b2-b73c-54fdb82b6bf9', '3_star', 6500, TRUE);
INSERT INTO hotel_categories (id, city_id, tier, avg_price_band_per_night, supplier_availability_flag) VALUES ('11bbae52-4b43-4265-b9a6-d4e541e1097a', '69a879f7-3e51-46b2-b73c-54fdb82b6bf9', '4_star', 13000, TRUE);
INSERT INTO hotel_categories (id, city_id, tier, avg_price_band_per_night, supplier_availability_flag) VALUES ('23f2ac31-0ebb-45ca-9914-c859625277e3', '69a879f7-3e51-46b2-b73c-54fdb82b6bf9', '5_star', 24000, TRUE);
INSERT INTO hotel_categories (id, city_id, tier, avg_price_band_per_night, supplier_availability_flag) VALUES ('ae779fa1-7216-4540-af72-df00945c521f', '69a879f7-3e51-46b2-b73c-54fdb82b6bf9', 'luxury', 42000, TRUE);
INSERT INTO hotel_categories (id, city_id, tier, avg_price_band_per_night, supplier_availability_flag) VALUES ('286d87df-61a1-4d70-85e0-8ef7602b4875', '78eea878-3122-45ce-a2da-48cc70c873a5', '3_star', 4000, TRUE);
INSERT INTO hotel_categories (id, city_id, tier, avg_price_band_per_night, supplier_availability_flag) VALUES ('9a992ee8-cab5-4c4f-96b9-232f46e329dd', '78eea878-3122-45ce-a2da-48cc70c873a5', '4_star', 8000, TRUE);
INSERT INTO hotel_categories (id, city_id, tier, avg_price_band_per_night, supplier_availability_flag) VALUES ('426c6d64-ba8f-49a9-af0c-e45105060f58', '78eea878-3122-45ce-a2da-48cc70c873a5', '5_star', 16000, TRUE);
INSERT INTO hotel_categories (id, city_id, tier, avg_price_band_per_night, supplier_availability_flag) VALUES ('447f8336-076b-4d1c-9fd8-1b148ae9db61', '7bdcd9b8-4a8e-49a0-862a-b1c9213dc30b', '3_star', 2500, TRUE);
INSERT INTO hotel_categories (id, city_id, tier, avg_price_band_per_night, supplier_availability_flag) VALUES ('d2b5c4eb-829c-485c-b132-14d19b335dd0', '7bdcd9b8-4a8e-49a0-862a-b1c9213dc30b', '4_star', 5500, TRUE);
INSERT INTO hotel_categories (id, city_id, tier, avg_price_band_per_night, supplier_availability_flag) VALUES ('9dc769c2-826e-4705-9bf2-e344e192d4ad', '7bdcd9b8-4a8e-49a0-862a-b1c9213dc30b', '5_star', 10000, TRUE);
INSERT INTO hotel_categories (id, city_id, tier, avg_price_band_per_night, supplier_availability_flag) VALUES ('5b37e52a-dfc2-4ee9-937a-4d68f3365d70', '48a72c99-011c-46bb-96c0-e82aad486a29', '3_star', 2800, TRUE);
INSERT INTO hotel_categories (id, city_id, tier, avg_price_band_per_night, supplier_availability_flag) VALUES ('0c1be55a-845a-4b9f-b01c-f072d39c7c18', '48a72c99-011c-46bb-96c0-e82aad486a29', '4_star', 5800, TRUE);
INSERT INTO hotel_categories (id, city_id, tier, avg_price_band_per_night, supplier_availability_flag) VALUES ('5451a019-ebf0-42f6-b8cf-8d573f5b6628', '48a72c99-011c-46bb-96c0-e82aad486a29', '5_star', 11000, TRUE);
INSERT INTO hotel_categories (id, city_id, tier, avg_price_band_per_night, supplier_availability_flag) VALUES ('95ff8b72-8377-4104-a141-052ce868abf7', '1ea2ebfc-0e67-48a5-93e2-3875f5306c81', '3_star', 2200, TRUE);
INSERT INTO hotel_categories (id, city_id, tier, avg_price_band_per_night, supplier_availability_flag) VALUES ('27d03707-e639-4260-a212-9044e4c4ca5c', '1ea2ebfc-0e67-48a5-93e2-3875f5306c81', '4_star', 4800, TRUE);
INSERT INTO hotel_categories (id, city_id, tier, avg_price_band_per_night, supplier_availability_flag) VALUES ('6d654fbe-e68d-448a-ad5e-54539169001a', '1ea2ebfc-0e67-48a5-93e2-3875f5306c81', '5_star', 9500, TRUE);
INSERT INTO hotel_categories (id, city_id, tier, avg_price_band_per_night, supplier_availability_flag) VALUES ('63666cf2-3d05-436c-a353-4235c6e2e654', '314bdfff-84fd-4054-9549-ffad084044dc', '3_star', 2600, TRUE);
INSERT INTO hotel_categories (id, city_id, tier, avg_price_band_per_night, supplier_availability_flag) VALUES ('a9d25cbf-4efe-4424-bff4-bf9d0ffc5d81', '314bdfff-84fd-4054-9549-ffad084044dc', '4_star', 5500, TRUE);
INSERT INTO hotel_categories (id, city_id, tier, avg_price_band_per_night, supplier_availability_flag) VALUES ('2266c76f-820f-438f-a020-3f65a92c61b1', '314bdfff-84fd-4054-9549-ffad084044dc', '5_star', 12000, TRUE);
INSERT INTO hotel_categories (id, city_id, tier, avg_price_band_per_night, supplier_availability_flag) VALUES ('b5d49be8-6cf8-4007-9a8a-3a61691d5741', '314bdfff-84fd-4054-9549-ffad084044dc', 'luxury', 22000, TRUE);
INSERT INTO hotel_categories (id, city_id, tier, avg_price_band_per_night, supplier_availability_flag) VALUES ('af5bd059-18f1-4cde-8077-7c7fab12be1a', 'd35c15d9-03c1-4a83-8aef-e6bcbf1184a6', '3_star', 3200, TRUE);
INSERT INTO hotel_categories (id, city_id, tier, avg_price_band_per_night, supplier_availability_flag) VALUES ('f361ff0a-5cbc-48a3-afca-6f7fbe7f194a', 'd35c15d9-03c1-4a83-8aef-e6bcbf1184a6', '4_star', 6500, TRUE);
INSERT INTO hotel_categories (id, city_id, tier, avg_price_band_per_night, supplier_availability_flag) VALUES ('18c80963-0cc0-4724-9770-223fda93cc21', 'd35c15d9-03c1-4a83-8aef-e6bcbf1184a6', '5_star', 13500, TRUE);
INSERT INTO hotel_categories (id, city_id, tier, avg_price_band_per_night, supplier_availability_flag) VALUES ('0faab638-5b26-478b-b51a-694e7d869753', '396e7fc0-3d4c-4301-9296-dc9b83d91632', '3_star', 2800, TRUE);
INSERT INTO hotel_categories (id, city_id, tier, avg_price_band_per_night, supplier_availability_flag) VALUES ('ac4616ae-7301-430b-a6d9-2dfd9adc7722', '396e7fc0-3d4c-4301-9296-dc9b83d91632', '4_star', 6000, TRUE);
INSERT INTO hotel_categories (id, city_id, tier, avg_price_band_per_night, supplier_availability_flag) VALUES ('f6047435-9625-4c40-81e6-2895d04bf762', '396e7fc0-3d4c-4301-9296-dc9b83d91632', '5_star', 13000, TRUE);

-- packages (48 rows)
INSERT INTO packages (id, name, destination_city_id, duration_nights, package_tier, base_price, needs_owner_review, is_active, is_featured) VALUES ('ef1a0cb9-50cd-4cae-b56f-8c76a20d75da', 'Singapore Comfort 5N6D', 'c26ec203-53b1-4b83-9958-90bcfb3a01de', 5, 'comfort', 82000, TRUE, TRUE, FALSE);
INSERT INTO packages (id, name, destination_city_id, duration_nights, package_tier, base_price, needs_owner_review, is_active, is_featured) VALUES ('e21a334f-9758-4e62-af18-ca78099b0ac8', 'Singapore Premium 5N6D', 'c26ec203-53b1-4b83-9958-90bcfb3a01de', 5, 'premium', 138000, TRUE, TRUE, TRUE);
INSERT INTO packages (id, name, destination_city_id, duration_nights, package_tier, base_price, needs_owner_review, is_active, is_featured) VALUES ('7630a461-9db9-4822-96dd-3f9561ca3afb', 'Singapore Signature 6N7D', 'c26ec203-53b1-4b83-9958-90bcfb3a01de', 6, 'signature', 215000, TRUE, TRUE, FALSE);
INSERT INTO packages (id, name, destination_city_id, duration_nights, package_tier, base_price, needs_owner_review, is_active, is_featured) VALUES ('9cef71aa-ad3e-427e-b6b7-64354306fd9c', 'Dubai Comfort 4N5D', 'ea99d447-5524-437d-87fe-fb95036f6143', 4, 'comfort', 78000, TRUE, TRUE, FALSE);
INSERT INTO packages (id, name, destination_city_id, duration_nights, package_tier, base_price, needs_owner_review, is_active, is_featured) VALUES ('03faecd6-976d-4e9b-bba3-764ed332053f', 'Dubai Premium 5N6D', 'ea99d447-5524-437d-87fe-fb95036f6143', 5, 'premium', 135000, TRUE, TRUE, TRUE);
INSERT INTO packages (id, name, destination_city_id, duration_nights, package_tier, base_price, needs_owner_review, is_active, is_featured) VALUES ('25670d9e-afd0-4a9b-8955-462dd108b655', 'Dubai Signature 6N7D', 'ea99d447-5524-437d-87fe-fb95036f6143', 6, 'signature', 225000, TRUE, TRUE, FALSE);
INSERT INTO packages (id, name, destination_city_id, duration_nights, package_tier, base_price, needs_owner_review, is_active, is_featured) VALUES ('a854f86d-f58d-4257-b62d-f5632b16d50a', 'Thailand Comfort 5N6D (Bangkok+Pattaya)', '52b3a5dc-9eb7-4a77-b7b0-b567aee57404', 5, 'comfort', 58000, TRUE, TRUE, FALSE);
INSERT INTO packages (id, name, destination_city_id, duration_nights, package_tier, base_price, needs_owner_review, is_active, is_featured) VALUES ('118bd694-be1c-401b-8279-865a22ad4390', 'Thailand Premium 6N7D (Bangkok+Phuket)', '52b3a5dc-9eb7-4a77-b7b0-b567aee57404', 6, 'premium', 95000, TRUE, TRUE, TRUE);
INSERT INTO packages (id, name, destination_city_id, duration_nights, package_tier, base_price, needs_owner_review, is_active, is_featured) VALUES ('b346b26d-46bb-4cb7-9398-49a4a4cdee7d', 'Thailand Signature 7N8D', '52b3a5dc-9eb7-4a77-b7b0-b567aee57404', 7, 'signature', 148000, TRUE, TRUE, FALSE);
INSERT INTO packages (id, name, destination_city_id, duration_nights, package_tier, base_price, needs_owner_review, is_active, is_featured) VALUES ('206bef80-d4f9-4423-91e9-6fada7fa9574', 'Bali Comfort 5N6D', '504d8137-8e84-4199-8978-b821f5213233', 5, 'comfort', 68000, TRUE, TRUE, FALSE);
INSERT INTO packages (id, name, destination_city_id, duration_nights, package_tier, base_price, needs_owner_review, is_active, is_featured) VALUES ('70a3376e-efba-4374-9b20-b64d0242a772', 'Bali Premium 6N7D', '504d8137-8e84-4199-8978-b821f5213233', 6, 'premium', 112000, TRUE, TRUE, TRUE);
INSERT INTO packages (id, name, destination_city_id, duration_nights, package_tier, base_price, needs_owner_review, is_active, is_featured) VALUES ('6698dc98-f9ee-4693-8106-cc737f335fc4', 'Bali Signature 7N8D', '504d8137-8e84-4199-8978-b821f5213233', 7, 'signature', 175000, TRUE, TRUE, FALSE);
INSERT INTO packages (id, name, destination_city_id, duration_nights, package_tier, base_price, needs_owner_review, is_active, is_featured) VALUES ('51e17854-782c-4d32-870e-91cae6e2bd0a', 'Maldives Comfort 4N5D', 'e58e1f8b-f08b-4c15-a474-bd781f996220', 4, 'comfort', 115000, TRUE, TRUE, FALSE);
INSERT INTO packages (id, name, destination_city_id, duration_nights, package_tier, base_price, needs_owner_review, is_active, is_featured) VALUES ('ff05e687-47a7-4e17-8017-7918a218f198', 'Maldives Premium 5N6D', 'e58e1f8b-f08b-4c15-a474-bd781f996220', 5, 'premium', 185000, TRUE, TRUE, TRUE);
INSERT INTO packages (id, name, destination_city_id, duration_nights, package_tier, base_price, needs_owner_review, is_active, is_featured) VALUES ('aa1ee5f9-3784-442d-b4dc-ada919e2e657', 'Maldives Signature 6N7D', 'e58e1f8b-f08b-4c15-a474-bd781f996220', 6, 'signature', 295000, TRUE, TRUE, FALSE);
INSERT INTO packages (id, name, destination_city_id, duration_nights, package_tier, base_price, needs_owner_review, is_active, is_featured) VALUES ('8f21bb0c-abd9-4001-be70-965a61b545b2', 'Vietnam Comfort 6N7D', '6057aad2-c3e7-4733-9c57-202eccfc52a6', 6, 'comfort', 72000, TRUE, TRUE, FALSE);
INSERT INTO packages (id, name, destination_city_id, duration_nights, package_tier, base_price, needs_owner_review, is_active, is_featured) VALUES ('d875bd59-97b5-48dd-af07-7df984eb27ab', 'Vietnam Premium 7N8D', '6057aad2-c3e7-4733-9c57-202eccfc52a6', 7, 'premium', 118000, TRUE, TRUE, TRUE);
INSERT INTO packages (id, name, destination_city_id, duration_nights, package_tier, base_price, needs_owner_review, is_active, is_featured) VALUES ('11fcfb9c-37e2-426a-994a-7d5a468489b3', 'Vietnam Signature 8N9D', '6057aad2-c3e7-4733-9c57-202eccfc52a6', 8, 'signature', 172000, TRUE, TRUE, FALSE);
INSERT INTO packages (id, name, destination_city_id, duration_nights, package_tier, base_price, needs_owner_review, is_active, is_featured) VALUES ('62253fc3-9adc-4880-890d-41aa37d65d9f', 'Sri Lanka Comfort 5N6D', '61ea5494-aa76-49be-a659-0b270db3d2cc', 5, 'comfort', 55000, TRUE, TRUE, FALSE);
INSERT INTO packages (id, name, destination_city_id, duration_nights, package_tier, base_price, needs_owner_review, is_active, is_featured) VALUES ('70340aec-f4ca-4833-9cc3-999d9a61d4ac', 'Sri Lanka Premium 6N7D', '61ea5494-aa76-49be-a659-0b270db3d2cc', 6, 'premium', 88000, TRUE, TRUE, TRUE);
INSERT INTO packages (id, name, destination_city_id, duration_nights, package_tier, base_price, needs_owner_review, is_active, is_featured) VALUES ('fda42671-cd7a-4dc9-a326-1b6a7159c2a1', 'Sri Lanka Signature 7N8D', '61ea5494-aa76-49be-a659-0b270db3d2cc', 7, 'signature', 130000, TRUE, TRUE, FALSE);
INSERT INTO packages (id, name, destination_city_id, duration_nights, package_tier, base_price, needs_owner_review, is_active, is_featured) VALUES ('c90c837b-7b51-493c-80d8-324334859add', 'Malaysia Comfort 5N6D (KL+Genting)', 'beb54bd5-465a-441b-acf6-b7d3f76e5a8e', 5, 'comfort', 58000, TRUE, TRUE, FALSE);
INSERT INTO packages (id, name, destination_city_id, duration_nights, package_tier, base_price, needs_owner_review, is_active, is_featured) VALUES ('66e200b3-0327-4cc5-9e3f-9a42e872e016', 'Malaysia Premium 6N7D (KL+Langkawi)', 'beb54bd5-465a-441b-acf6-b7d3f76e5a8e', 6, 'premium', 92000, TRUE, TRUE, TRUE);
INSERT INTO packages (id, name, destination_city_id, duration_nights, package_tier, base_price, needs_owner_review, is_active, is_featured) VALUES ('7111b756-6694-4e07-bae1-2ba06147ce39', 'Malaysia Signature 7N8D', 'beb54bd5-465a-441b-acf6-b7d3f76e5a8e', 7, 'signature', 135000, TRUE, TRUE, FALSE);
INSERT INTO packages (id, name, destination_city_id, duration_nights, package_tier, base_price, needs_owner_review, is_active, is_featured) VALUES ('c3c788dd-fba2-4852-b3bb-be983440bd13', 'Mauritius Comfort 5N6D', '69a879f7-3e51-46b2-b73c-54fdb82b6bf9', 5, 'comfort', 95000, TRUE, TRUE, FALSE);
INSERT INTO packages (id, name, destination_city_id, duration_nights, package_tier, base_price, needs_owner_review, is_active, is_featured) VALUES ('9157ecf4-9a87-4cd0-ae0f-5a0b64ba1ee1', 'Mauritius Premium 6N7D', '69a879f7-3e51-46b2-b73c-54fdb82b6bf9', 6, 'premium', 155000, TRUE, TRUE, TRUE);
INSERT INTO packages (id, name, destination_city_id, duration_nights, package_tier, base_price, needs_owner_review, is_active, is_featured) VALUES ('4c10172e-5d4e-4a33-9d1b-ca411981c13d', 'Mauritius Signature 7N8D', '69a879f7-3e51-46b2-b73c-54fdb82b6bf9', 7, 'signature', 235000, TRUE, TRUE, FALSE);
INSERT INTO packages (id, name, destination_city_id, duration_nights, package_tier, base_price, needs_owner_review, is_active, is_featured) VALUES ('716286e6-5a62-458c-8e9a-8bcf9d81b947', 'Bhutan Comfort 5N6D', '78eea878-3122-45ce-a2da-48cc70c873a5', 5, 'comfort', 62000, TRUE, TRUE, FALSE);
INSERT INTO packages (id, name, destination_city_id, duration_nights, package_tier, base_price, needs_owner_review, is_active, is_featured) VALUES ('1b97236a-f2f2-4df9-999f-16f73ac5b4a6', 'Bhutan Premium 6N7D', '78eea878-3122-45ce-a2da-48cc70c873a5', 6, 'premium', 98000, TRUE, TRUE, TRUE);
INSERT INTO packages (id, name, destination_city_id, duration_nights, package_tier, base_price, needs_owner_review, is_active, is_featured) VALUES ('8a2c6e16-1dbf-401f-a2e8-8298b6fab93f', 'Bhutan Signature 7N8D', '78eea878-3122-45ce-a2da-48cc70c873a5', 7, 'signature', 145000, TRUE, TRUE, FALSE);
INSERT INTO packages (id, name, destination_city_id, duration_nights, package_tier, base_price, needs_owner_review, is_active, is_featured) VALUES ('4fbae91a-f26b-4e3b-a4f2-c19df860fa6a', 'Goa Comfort 3N4D', '7bdcd9b8-4a8e-49a0-862a-b1c9213dc30b', 3, 'comfort', 18000, TRUE, TRUE, FALSE);
INSERT INTO packages (id, name, destination_city_id, duration_nights, package_tier, base_price, needs_owner_review, is_active, is_featured) VALUES ('2509acd8-0a7c-419a-abe7-6c713e417856', 'Goa Premium 4N5D', '7bdcd9b8-4a8e-49a0-862a-b1c9213dc30b', 4, 'premium', 32000, TRUE, TRUE, TRUE);
INSERT INTO packages (id, name, destination_city_id, duration_nights, package_tier, base_price, needs_owner_review, is_active, is_featured) VALUES ('d7daa912-b5ab-4ed5-99bc-cc9fd33c913a', 'Goa Signature 5N6D', '7bdcd9b8-4a8e-49a0-862a-b1c9213dc30b', 5, 'signature', 52000, TRUE, TRUE, FALSE);
INSERT INTO packages (id, name, destination_city_id, duration_nights, package_tier, base_price, needs_owner_review, is_active, is_featured) VALUES ('88955dbd-48a9-4da6-8880-9ea381a38e81', 'Kerala Comfort 4N5D', '48a72c99-011c-46bb-96c0-e82aad486a29', 4, 'comfort', 24000, TRUE, TRUE, FALSE);
INSERT INTO packages (id, name, destination_city_id, duration_nights, package_tier, base_price, needs_owner_review, is_active, is_featured) VALUES ('aca16972-20d1-45ee-b3dc-34764a038774', 'Kerala Premium 5N6D', '48a72c99-011c-46bb-96c0-e82aad486a29', 5, 'premium', 38000, TRUE, TRUE, TRUE);
INSERT INTO packages (id, name, destination_city_id, duration_nights, package_tier, base_price, needs_owner_review, is_active, is_featured) VALUES ('419080e7-e30d-40e1-9cb8-35609241b98b', 'Kerala Signature 6N7D', '48a72c99-011c-46bb-96c0-e82aad486a29', 6, 'signature', 58000, TRUE, TRUE, FALSE);
INSERT INTO packages (id, name, destination_city_id, duration_nights, package_tier, base_price, needs_owner_review, is_active, is_featured) VALUES ('2c36e401-cddd-4604-bfb0-1fb13c2a1cf4', 'Manali Comfort 3N4D', '1ea2ebfc-0e67-48a5-93e2-3875f5306c81', 3, 'comfort', 16500, TRUE, TRUE, FALSE);
INSERT INTO packages (id, name, destination_city_id, duration_nights, package_tier, base_price, needs_owner_review, is_active, is_featured) VALUES ('8770c90c-76f8-40b4-b8e1-5f1e72241a4b', 'Manali Premium 4N5D', '1ea2ebfc-0e67-48a5-93e2-3875f5306c81', 4, 'premium', 28000, TRUE, TRUE, TRUE);
INSERT INTO packages (id, name, destination_city_id, duration_nights, package_tier, base_price, needs_owner_review, is_active, is_featured) VALUES ('0d121d2b-80c4-4b37-9205-d398bf52b807', 'Manali Signature 5N6D', '1ea2ebfc-0e67-48a5-93e2-3875f5306c81', 5, 'signature', 45000, TRUE, TRUE, FALSE);
INSERT INTO packages (id, name, destination_city_id, duration_nights, package_tier, base_price, needs_owner_review, is_active, is_featured) VALUES ('b8f04040-4eca-4f58-b3bd-1e1fa8faf23d', 'Rajasthan Comfort 4N5D', '314bdfff-84fd-4054-9549-ffad084044dc', 4, 'comfort', 26000, TRUE, TRUE, FALSE);
INSERT INTO packages (id, name, destination_city_id, duration_nights, package_tier, base_price, needs_owner_review, is_active, is_featured) VALUES ('86ec892a-34f1-4628-be8b-29cdcecf3795', 'Rajasthan Premium 5N6D', '314bdfff-84fd-4054-9549-ffad084044dc', 5, 'premium', 42000, TRUE, TRUE, TRUE);
INSERT INTO packages (id, name, destination_city_id, duration_nights, package_tier, base_price, needs_owner_review, is_active, is_featured) VALUES ('32c65397-490e-4b52-953d-1c9103ff7a4d', 'Rajasthan Signature 6N7D', '314bdfff-84fd-4054-9549-ffad084044dc', 6, 'signature', 68000, TRUE, TRUE, FALSE);
INSERT INTO packages (id, name, destination_city_id, duration_nights, package_tier, base_price, needs_owner_review, is_active, is_featured) VALUES ('2350f42a-1eb5-42d7-9963-11a1a7b4ba63', 'Andaman Comfort 4N5D', 'd35c15d9-03c1-4a83-8aef-e6bcbf1184a6', 4, 'comfort', 32000, TRUE, TRUE, FALSE);
INSERT INTO packages (id, name, destination_city_id, duration_nights, package_tier, base_price, needs_owner_review, is_active, is_featured) VALUES ('0ba1b761-f2d9-4fd5-8cf4-ec2d6e0746c7', 'Andaman Premium 5N6D', 'd35c15d9-03c1-4a83-8aef-e6bcbf1184a6', 5, 'premium', 52000, TRUE, TRUE, TRUE);
INSERT INTO packages (id, name, destination_city_id, duration_nights, package_tier, base_price, needs_owner_review, is_active, is_featured) VALUES ('152f0284-d3b7-44a1-8a98-a32f787a4e5f', 'Andaman Signature 6N7D', 'd35c15d9-03c1-4a83-8aef-e6bcbf1184a6', 6, 'signature', 78000, TRUE, TRUE, FALSE);
INSERT INTO packages (id, name, destination_city_id, duration_nights, package_tier, base_price, needs_owner_review, is_active, is_featured) VALUES ('4bb0084e-52fc-4acd-ae3a-9698f7355002', 'Kashmir Comfort 4N5D', '396e7fc0-3d4c-4301-9296-dc9b83d91632', 4, 'comfort', 30000, TRUE, TRUE, FALSE);
INSERT INTO packages (id, name, destination_city_id, duration_nights, package_tier, base_price, needs_owner_review, is_active, is_featured) VALUES ('bde34a11-4b2b-4119-bf0c-d03447d64170', 'Kashmir Premium 5N6D', '396e7fc0-3d4c-4301-9296-dc9b83d91632', 5, 'premium', 48000, TRUE, TRUE, TRUE);
INSERT INTO packages (id, name, destination_city_id, duration_nights, package_tier, base_price, needs_owner_review, is_active, is_featured) VALUES ('be3e76ff-c911-4bb8-a340-f68919c65cfb', 'Kashmir Signature 6N7D', '396e7fc0-3d4c-4301-9296-dc9b83d91632', 6, 'signature', 72000, TRUE, TRUE, FALSE);

-- package_components (227 rows)
INSERT INTO package_components (id, package_id, component_type, experience_id, price_delta) VALUES ('9a4733e1-0bfd-45c2-b4a1-492435c8b35d', 'ef1a0cb9-50cd-4cae-b56f-8c76a20d75da', 'included_experience', 'dfacee79-50ff-4fbb-9fe2-5d3f46a95152', 0);
INSERT INTO package_components (id, package_id, component_type, experience_id, price_delta) VALUES ('f4bcd119-7f44-4677-9f0c-ccdf71aea293', 'ef1a0cb9-50cd-4cae-b56f-8c76a20d75da', 'included_experience', '476dbc33-ac26-4b52-85da-81601496a3ad', 0);
INSERT INTO package_components (id, package_id, component_type, experience_id, price_delta) VALUES ('23966b16-a155-4e7c-bc1d-d00759e0f39e', 'ef1a0cb9-50cd-4cae-b56f-8c76a20d75da', 'included_experience', '00a31716-acda-4554-a2d2-904936e0c835', 0);
INSERT INTO package_components (id, package_id, component_type, experience_id, price_delta) VALUES ('2e3c6438-45d6-4407-953c-916b7eca5951', 'ef1a0cb9-50cd-4cae-b56f-8c76a20d75da', 'hotel_upgrade', NULL, 14760);
INSERT INTO package_components (id, package_id, component_type, experience_id, price_delta) VALUES ('df5719d6-80e3-4545-8825-5a1c2eb8b184', 'ef1a0cb9-50cd-4cae-b56f-8c76a20d75da', 'extra_day', NULL, 14760);
INSERT INTO package_components (id, package_id, component_type, experience_id, price_delta) VALUES ('67c859da-65e7-4d31-b904-89a514d7cfde', 'e21a334f-9758-4e62-af18-ca78099b0ac8', 'included_experience', 'a03beb10-494b-4075-b378-41a53e5084cc', 0);
INSERT INTO package_components (id, package_id, component_type, experience_id, price_delta) VALUES ('4ddd390a-1e5b-4c52-9747-7c036c981e83', 'e21a334f-9758-4e62-af18-ca78099b0ac8', 'included_experience', 'dfacee79-50ff-4fbb-9fe2-5d3f46a95152', 0);
INSERT INTO package_components (id, package_id, component_type, experience_id, price_delta) VALUES ('4385569a-0108-4233-b19b-ade5ca3cd31b', 'e21a334f-9758-4e62-af18-ca78099b0ac8', 'included_experience', '476dbc33-ac26-4b52-85da-81601496a3ad', 0);
INSERT INTO package_components (id, package_id, component_type, experience_id, price_delta) VALUES ('81f3493a-73db-4ce5-8172-e195568757d5', 'e21a334f-9758-4e62-af18-ca78099b0ac8', 'hotel_upgrade', NULL, 24840);
INSERT INTO package_components (id, package_id, component_type, experience_id, price_delta) VALUES ('2bf9d570-8e99-45c9-8af1-b4b62d177c5b', 'e21a334f-9758-4e62-af18-ca78099b0ac8', 'extra_day', NULL, 24840);
INSERT INTO package_components (id, package_id, component_type, experience_id, price_delta) VALUES ('5edadaec-9edd-4dec-b7fd-009d93c38bae', '7630a461-9db9-4822-96dd-3f9561ca3afb', 'included_experience', 'a03beb10-494b-4075-b378-41a53e5084cc', 0);
INSERT INTO package_components (id, package_id, component_type, experience_id, price_delta) VALUES ('bab8dea0-4d7e-40cf-96f3-971492f571a5', '7630a461-9db9-4822-96dd-3f9561ca3afb', 'included_experience', 'dfacee79-50ff-4fbb-9fe2-5d3f46a95152', 0);
INSERT INTO package_components (id, package_id, component_type, experience_id, price_delta) VALUES ('ed7a057e-60f2-42ec-99bd-dd3c05d765ac', '7630a461-9db9-4822-96dd-3f9561ca3afb', 'included_experience', '476dbc33-ac26-4b52-85da-81601496a3ad', 0);
INSERT INTO package_components (id, package_id, component_type, experience_id, price_delta) VALUES ('54b99325-fb43-4c3d-997d-98c7e6905ab9', '7630a461-9db9-4822-96dd-3f9561ca3afb', 'included_experience', 'b9cf79e4-e223-4c05-9288-8462f6357a8d', 0);
INSERT INTO package_components (id, package_id, component_type, experience_id, price_delta) VALUES ('eaeb1a55-698f-454e-b25f-8da2270e5222', '7630a461-9db9-4822-96dd-3f9561ca3afb', 'hotel_upgrade', NULL, 38700);
INSERT INTO package_components (id, package_id, component_type, experience_id, price_delta) VALUES ('46722f17-c90b-4717-bdbb-c0ccdf833963', '7630a461-9db9-4822-96dd-3f9561ca3afb', 'extra_day', NULL, 32250);
INSERT INTO package_components (id, package_id, component_type, experience_id, price_delta) VALUES ('91a73a46-b6ff-482d-a0e2-f16c139d9408', '9cef71aa-ad3e-427e-b6b7-64354306fd9c', 'included_experience', 'ba73ab4c-bc15-4d9c-93ca-97dbd1ca1034', 0);
INSERT INTO package_components (id, package_id, component_type, experience_id, price_delta) VALUES ('3647db08-2b7c-4195-af9f-361e30ef2597', '9cef71aa-ad3e-427e-b6b7-64354306fd9c', 'included_experience', '32b21a8e-aaaf-498d-b0e7-dd12bb73e328', 0);
INSERT INTO package_components (id, package_id, component_type, experience_id, price_delta) VALUES ('6241952c-db47-4458-b563-88696d41161f', '9cef71aa-ad3e-427e-b6b7-64354306fd9c', 'included_experience', '8caccafa-7a31-456b-bb13-5539411fedea', 0);
INSERT INTO package_components (id, package_id, component_type, experience_id, price_delta) VALUES ('60661dbd-2a2d-4a15-8167-a453577e24fc', '9cef71aa-ad3e-427e-b6b7-64354306fd9c', 'hotel_upgrade', NULL, 14040);
INSERT INTO package_components (id, package_id, component_type, experience_id, price_delta) VALUES ('e2bf9193-b6b6-4fa7-93ea-54ad61bab601', '9cef71aa-ad3e-427e-b6b7-64354306fd9c', 'extra_day', NULL, 17550);
INSERT INTO package_components (id, package_id, component_type, experience_id, price_delta) VALUES ('61093f0c-6dd8-4cc2-b9a8-717f2aeeec79', '03faecd6-976d-4e9b-bba3-764ed332053f', 'included_experience', 'ba73ab4c-bc15-4d9c-93ca-97dbd1ca1034', 0);
INSERT INTO package_components (id, package_id, component_type, experience_id, price_delta) VALUES ('a1c501a7-57a5-4845-8dad-2472595f9071', '03faecd6-976d-4e9b-bba3-764ed332053f', 'included_experience', '9fbc1b3f-5db9-4f4b-8f76-3a5f39432779', 0);
INSERT INTO package_components (id, package_id, component_type, experience_id, price_delta) VALUES ('932db7ca-5e7a-459a-8a73-ccb09dcd4a94', '03faecd6-976d-4e9b-bba3-764ed332053f', 'included_experience', '32b21a8e-aaaf-498d-b0e7-dd12bb73e328', 0);
INSERT INTO package_components (id, package_id, component_type, experience_id, price_delta) VALUES ('18fb5e12-d3e7-4ff4-9fa8-7b209f97ace3', '03faecd6-976d-4e9b-bba3-764ed332053f', 'hotel_upgrade', NULL, 24300);
INSERT INTO package_components (id, package_id, component_type, experience_id, price_delta) VALUES ('6c5e0e20-2b63-40cd-9041-f7e33bf9d5a8', '03faecd6-976d-4e9b-bba3-764ed332053f', 'extra_day', NULL, 24300);
INSERT INTO package_components (id, package_id, component_type, experience_id, price_delta) VALUES ('46e08b3c-2324-41e3-a75f-f6c336998f30', '25670d9e-afd0-4a9b-8955-462dd108b655', 'included_experience', 'ba73ab4c-bc15-4d9c-93ca-97dbd1ca1034', 0);
INSERT INTO package_components (id, package_id, component_type, experience_id, price_delta) VALUES ('feea9af8-24fc-41ca-87fa-d695e01361eb', '25670d9e-afd0-4a9b-8955-462dd108b655', 'included_experience', '9fbc1b3f-5db9-4f4b-8f76-3a5f39432779', 0);
INSERT INTO package_components (id, package_id, component_type, experience_id, price_delta) VALUES ('5c7c446e-f6d0-4a6a-a915-9f0c97b74ef8', '25670d9e-afd0-4a9b-8955-462dd108b655', 'included_experience', '32b21a8e-aaaf-498d-b0e7-dd12bb73e328', 0);
INSERT INTO package_components (id, package_id, component_type, experience_id, price_delta) VALUES ('f674bb01-c010-4465-b156-7e0c49064b5e', '25670d9e-afd0-4a9b-8955-462dd108b655', 'included_experience', '5df758d6-9bc3-470a-9df9-f1517e163e8f', 0);
INSERT INTO package_components (id, package_id, component_type, experience_id, price_delta) VALUES ('7f4017a4-20c4-4a0d-bcf6-486285fe0ad2', '25670d9e-afd0-4a9b-8955-462dd108b655', 'hotel_upgrade', NULL, 40500);
INSERT INTO package_components (id, package_id, component_type, experience_id, price_delta) VALUES ('4074a879-2c5b-4e6e-b06b-41aef8597872', '25670d9e-afd0-4a9b-8955-462dd108b655', 'extra_day', NULL, 33750);
INSERT INTO package_components (id, package_id, component_type, experience_id, price_delta) VALUES ('59188f52-c176-4615-b90b-bdd40cfef72b', 'a854f86d-f58d-4257-b62d-f5632b16d50a', 'included_experience', 'a4bf6566-9443-4dd0-bc0f-374df1e491ce', 0);
INSERT INTO package_components (id, package_id, component_type, experience_id, price_delta) VALUES ('b2d3366e-b959-4a63-bf34-fd00f20df80f', 'a854f86d-f58d-4257-b62d-f5632b16d50a', 'included_experience', 'a611844c-ea81-498a-801c-5e8750a37748', 0);
INSERT INTO package_components (id, package_id, component_type, experience_id, price_delta) VALUES ('3e777483-4e36-4679-922a-79265555d243', 'a854f86d-f58d-4257-b62d-f5632b16d50a', 'hotel_upgrade', NULL, 10440);
INSERT INTO package_components (id, package_id, component_type, experience_id, price_delta) VALUES ('8cf7a638-4fa4-45ed-a04e-70f4531e747e', 'a854f86d-f58d-4257-b62d-f5632b16d50a', 'extra_day', NULL, 10440);
INSERT INTO package_components (id, package_id, component_type, experience_id, price_delta) VALUES ('21f32eb0-60fa-4204-bf1b-05cfd8cdbe68', '118bd694-be1c-401b-8279-865a22ad4390', 'included_experience', 'a4bf6566-9443-4dd0-bc0f-374df1e491ce', 0);
INSERT INTO package_components (id, package_id, component_type, experience_id, price_delta) VALUES ('3dcc9461-d57f-4242-b768-02736d839269', '118bd694-be1c-401b-8279-865a22ad4390', 'included_experience', '4ddf64ee-bb07-499a-8f31-44c19dd35f45', 0);
INSERT INTO package_components (id, package_id, component_type, experience_id, price_delta) VALUES ('1efc3751-c10a-47b2-b56f-c8f5ae63195b', '118bd694-be1c-401b-8279-865a22ad4390', 'included_experience', '6ecd3c06-bca6-4395-b6f5-bbcc6e44478c', 0);
INSERT INTO package_components (id, package_id, component_type, experience_id, price_delta) VALUES ('192317ab-548b-4866-84e7-644249652a80', '118bd694-be1c-401b-8279-865a22ad4390', 'hotel_upgrade', NULL, 17100);
INSERT INTO package_components (id, package_id, component_type, experience_id, price_delta) VALUES ('0af36593-720a-4332-8598-6d3c0fa5d359', '118bd694-be1c-401b-8279-865a22ad4390', 'extra_day', NULL, 14250);
INSERT INTO package_components (id, package_id, component_type, experience_id, price_delta) VALUES ('430aad3f-8929-434c-a066-96cb49ea0490', 'b346b26d-46bb-4cb7-9398-49a4a4cdee7d', 'included_experience', 'a4bf6566-9443-4dd0-bc0f-374df1e491ce', 0);
INSERT INTO package_components (id, package_id, component_type, experience_id, price_delta) VALUES ('5b8ba701-abbe-418e-bb68-b0b79c7240da', 'b346b26d-46bb-4cb7-9398-49a4a4cdee7d', 'included_experience', '4ddf64ee-bb07-499a-8f31-44c19dd35f45', 0);
INSERT INTO package_components (id, package_id, component_type, experience_id, price_delta) VALUES ('4ad10643-5191-4114-9492-5c3e9956329c', 'b346b26d-46bb-4cb7-9398-49a4a4cdee7d', 'included_experience', '6ecd3c06-bca6-4395-b6f5-bbcc6e44478c', 0);
INSERT INTO package_components (id, package_id, component_type, experience_id, price_delta) VALUES ('1b0d2561-e7de-43a4-8db7-d0b4c42318c1', 'b346b26d-46bb-4cb7-9398-49a4a4cdee7d', 'included_experience', 'a611844c-ea81-498a-801c-5e8750a37748', 0);
INSERT INTO package_components (id, package_id, component_type, experience_id, price_delta) VALUES ('0016d83a-818b-4e06-a9e4-5e0c27baed6c', 'b346b26d-46bb-4cb7-9398-49a4a4cdee7d', 'hotel_upgrade', NULL, 26640);
INSERT INTO package_components (id, package_id, component_type, experience_id, price_delta) VALUES ('18714b56-bffb-4d7b-a094-523e7360e99a', 'b346b26d-46bb-4cb7-9398-49a4a4cdee7d', 'extra_day', NULL, 19028);
INSERT INTO package_components (id, package_id, component_type, experience_id, price_delta) VALUES ('a202d4d3-4443-445f-bd68-510aecec8840', '206bef80-d4f9-4423-91e9-6fada7fa9574', 'included_experience', '57cea808-ab68-43dd-aca0-3ae9d33ca6bc', 0);
INSERT INTO package_components (id, package_id, component_type, experience_id, price_delta) VALUES ('84894a50-1154-48b2-89e2-e82fc68dabc3', '206bef80-d4f9-4423-91e9-6fada7fa9574', 'included_experience', '9f32249c-c951-4125-b505-511d97e91b45', 0);
INSERT INTO package_components (id, package_id, component_type, experience_id, price_delta) VALUES ('ed0e5d11-02a7-4a7e-a3d9-84064c7174ac', '206bef80-d4f9-4423-91e9-6fada7fa9574', 'hotel_upgrade', NULL, 12240);
INSERT INTO package_components (id, package_id, component_type, experience_id, price_delta) VALUES ('adb5bdcf-6578-4f4f-8bed-61ffaa331e79', '206bef80-d4f9-4423-91e9-6fada7fa9574', 'extra_day', NULL, 12240);
INSERT INTO package_components (id, package_id, component_type, experience_id, price_delta) VALUES ('c57dbd86-db84-4289-b54a-a389eabedb68', '70a3376e-efba-4374-9b20-b64d0242a772', 'included_experience', '57cea808-ab68-43dd-aca0-3ae9d33ca6bc', 0);
INSERT INTO package_components (id, package_id, component_type, experience_id, price_delta) VALUES ('77ef7898-9fb4-44a9-8d3d-e584313b9965', '70a3376e-efba-4374-9b20-b64d0242a772', 'included_experience', '31007c4f-e55f-41f7-92cd-cbc0ffb59e03', 0);
INSERT INTO package_components (id, package_id, component_type, experience_id, price_delta) VALUES ('8645a5fb-2514-4837-9a02-4891a403abbb', '70a3376e-efba-4374-9b20-b64d0242a772', 'included_experience', 'c28ad09e-6b21-42da-9a72-8f68616f25a6', 0);
INSERT INTO package_components (id, package_id, component_type, experience_id, price_delta) VALUES ('82ad485c-f6b9-48a6-ad6b-8a755d4455cf', '70a3376e-efba-4374-9b20-b64d0242a772', 'hotel_upgrade', NULL, 20160);
INSERT INTO package_components (id, package_id, component_type, experience_id, price_delta) VALUES ('0ea7779a-d902-4fd1-b963-998f6779623f', '70a3376e-efba-4374-9b20-b64d0242a772', 'extra_day', NULL, 16800);
INSERT INTO package_components (id, package_id, component_type, experience_id, price_delta) VALUES ('f6d20f69-ceba-4eef-bf8d-cab8a1b2778b', '6698dc98-f9ee-4693-8106-cc737f335fc4', 'included_experience', '57cea808-ab68-43dd-aca0-3ae9d33ca6bc', 0);
INSERT INTO package_components (id, package_id, component_type, experience_id, price_delta) VALUES ('cc2f3970-c965-4990-9518-95d0be350a93', '6698dc98-f9ee-4693-8106-cc737f335fc4', 'included_experience', '31007c4f-e55f-41f7-92cd-cbc0ffb59e03', 0);
INSERT INTO package_components (id, package_id, component_type, experience_id, price_delta) VALUES ('c6376050-f469-4069-8ded-60b64fcb9a33', '6698dc98-f9ee-4693-8106-cc737f335fc4', 'included_experience', 'c28ad09e-6b21-42da-9a72-8f68616f25a6', 0);
INSERT INTO package_components (id, package_id, component_type, experience_id, price_delta) VALUES ('200e6e3c-d090-4a64-9907-4c45ff35032b', '6698dc98-f9ee-4693-8106-cc737f335fc4', 'included_experience', '9f32249c-c951-4125-b505-511d97e91b45', 0);
INSERT INTO package_components (id, package_id, component_type, experience_id, price_delta) VALUES ('ac243d7d-3fb8-4a72-941b-5908f6c76bb2', '6698dc98-f9ee-4693-8106-cc737f335fc4', 'hotel_upgrade', NULL, 31500);
INSERT INTO package_components (id, package_id, component_type, experience_id, price_delta) VALUES ('0a71e607-5ba5-466f-8eef-7c16936f0f6d', '6698dc98-f9ee-4693-8106-cc737f335fc4', 'extra_day', NULL, 22500);
INSERT INTO package_components (id, package_id, component_type, experience_id, price_delta) VALUES ('b8042319-43a8-4ed4-9ab3-a69fa6a6f7ca', '51e17854-782c-4d32-870e-91cae6e2bd0a', 'included_experience', 'a0bf5e15-c217-44fd-8316-9e2f8c86c0b1', 0);
INSERT INTO package_components (id, package_id, component_type, experience_id, price_delta) VALUES ('a0638d31-17e4-4463-bfff-419922a02a2e', '51e17854-782c-4d32-870e-91cae6e2bd0a', 'included_experience', '95836c88-a5db-414d-bb06-1fa9c488f638', 0);
INSERT INTO package_components (id, package_id, component_type, experience_id, price_delta) VALUES ('68b52394-bf46-45e1-9f38-779f03da8e40', '51e17854-782c-4d32-870e-91cae6e2bd0a', 'hotel_upgrade', NULL, 20700);
INSERT INTO package_components (id, package_id, component_type, experience_id, price_delta) VALUES ('f9c11830-0420-4c1f-a521-004d50587add', '51e17854-782c-4d32-870e-91cae6e2bd0a', 'extra_day', NULL, 25875);
INSERT INTO package_components (id, package_id, component_type, experience_id, price_delta) VALUES ('d2b48383-ab0b-48df-8559-0e3af7f4d30a', 'ff05e687-47a7-4e17-8017-7918a218f198', 'included_experience', 'a0bf5e15-c217-44fd-8316-9e2f8c86c0b1', 0);
INSERT INTO package_components (id, package_id, component_type, experience_id, price_delta) VALUES ('05b7555f-5978-459d-9b6e-220f193585bc', 'ff05e687-47a7-4e17-8017-7918a218f198', 'included_experience', '0cfeb0ff-a880-47ca-9bde-b57adbfb1aef', 0);
INSERT INTO package_components (id, package_id, component_type, experience_id, price_delta) VALUES ('e24c2ed9-f71e-4ad5-aeb0-91bac5d7d81f', 'ff05e687-47a7-4e17-8017-7918a218f198', 'included_experience', '95836c88-a5db-414d-bb06-1fa9c488f638', 0);
INSERT INTO package_components (id, package_id, component_type, experience_id, price_delta) VALUES ('ca3a014c-77dc-4d54-b9c8-cfe93242deeb', 'ff05e687-47a7-4e17-8017-7918a218f198', 'hotel_upgrade', NULL, 33300);
INSERT INTO package_components (id, package_id, component_type, experience_id, price_delta) VALUES ('320efcde-b3dd-4b34-a062-f89f97fcf852', 'ff05e687-47a7-4e17-8017-7918a218f198', 'extra_day', NULL, 33300);
INSERT INTO package_components (id, package_id, component_type, experience_id, price_delta) VALUES ('9dc759f9-a627-4f46-8b61-15e81c0f448f', 'aa1ee5f9-3784-442d-b4dc-ada919e2e657', 'included_experience', 'a0bf5e15-c217-44fd-8316-9e2f8c86c0b1', 0);
INSERT INTO package_components (id, package_id, component_type, experience_id, price_delta) VALUES ('11d34831-ca03-40d9-81ac-7d05414bb988', 'aa1ee5f9-3784-442d-b4dc-ada919e2e657', 'included_experience', '0cfeb0ff-a880-47ca-9bde-b57adbfb1aef', 0);
INSERT INTO package_components (id, package_id, component_type, experience_id, price_delta) VALUES ('73822cb8-b2df-41ce-8b2b-4448a5f88b7a', 'aa1ee5f9-3784-442d-b4dc-ada919e2e657', 'included_experience', '95836c88-a5db-414d-bb06-1fa9c488f638', 0);
INSERT INTO package_components (id, package_id, component_type, experience_id, price_delta) VALUES ('fb206b69-93b0-4550-b60f-0f3bccf518cf', 'aa1ee5f9-3784-442d-b4dc-ada919e2e657', 'hotel_upgrade', NULL, 53100);
INSERT INTO package_components (id, package_id, component_type, experience_id, price_delta) VALUES ('988e2715-a0b7-4d33-9aa4-bdeef259c82f', 'aa1ee5f9-3784-442d-b4dc-ada919e2e657', 'extra_day', NULL, 44250);
INSERT INTO package_components (id, package_id, component_type, experience_id, price_delta) VALUES ('f234b0c2-7098-46a2-a91d-2db8f8d5a654', '8f21bb0c-abd9-4001-be70-965a61b545b2', 'included_experience', '1dfe29e0-918b-4157-b3ee-044cfa4deaff', 0);
INSERT INTO package_components (id, package_id, component_type, experience_id, price_delta) VALUES ('dba01a03-a818-4e38-8b9a-56b895465551', '8f21bb0c-abd9-4001-be70-965a61b545b2', 'included_experience', 'ba1c1177-7ca6-4545-98de-8711b0195c99', 0);
INSERT INTO package_components (id, package_id, component_type, experience_id, price_delta) VALUES ('f8db57b1-409b-4698-a2d6-b628ec01366a', '8f21bb0c-abd9-4001-be70-965a61b545b2', 'hotel_upgrade', NULL, 12960);
INSERT INTO package_components (id, package_id, component_type, experience_id, price_delta) VALUES ('36a019ad-013b-4bc6-8094-527f8f8b6263', '8f21bb0c-abd9-4001-be70-965a61b545b2', 'extra_day', NULL, 10800);
INSERT INTO package_components (id, package_id, component_type, experience_id, price_delta) VALUES ('86a1cc1b-558b-4f23-af66-c5d8d84bc4d9', 'd875bd59-97b5-48dd-af07-7df984eb27ab', 'included_experience', '1dfe29e0-918b-4157-b3ee-044cfa4deaff', 0);
INSERT INTO package_components (id, package_id, component_type, experience_id, price_delta) VALUES ('8bf3defd-4d63-4456-94bb-7cb0cf770d07', 'd875bd59-97b5-48dd-af07-7df984eb27ab', 'included_experience', 'ba1c1177-7ca6-4545-98de-8711b0195c99', 0);
INSERT INTO package_components (id, package_id, component_type, experience_id, price_delta) VALUES ('aa35cb9e-fd92-41b1-b113-16f2f538062d', 'd875bd59-97b5-48dd-af07-7df984eb27ab', 'included_experience', '92000970-0ae5-47ab-9532-23052e26f73c', 0);
INSERT INTO package_components (id, package_id, component_type, experience_id, price_delta) VALUES ('88a53258-f725-42eb-8d98-8e2d20b0e27a', 'd875bd59-97b5-48dd-af07-7df984eb27ab', 'hotel_upgrade', NULL, 21240);
INSERT INTO package_components (id, package_id, component_type, experience_id, price_delta) VALUES ('79bced79-0254-41ca-a6d2-4b15dc3088d2', 'd875bd59-97b5-48dd-af07-7df984eb27ab', 'extra_day', NULL, 15171);
INSERT INTO package_components (id, package_id, component_type, experience_id, price_delta) VALUES ('725542dc-eda5-411b-8107-3dfdad434bb6', '11fcfb9c-37e2-426a-994a-7d5a468489b3', 'included_experience', '1dfe29e0-918b-4157-b3ee-044cfa4deaff', 0);
INSERT INTO package_components (id, package_id, component_type, experience_id, price_delta) VALUES ('0063e516-e674-447d-9d25-9c2e2b1e6fa9', '11fcfb9c-37e2-426a-994a-7d5a468489b3', 'included_experience', 'ba1c1177-7ca6-4545-98de-8711b0195c99', 0);
INSERT INTO package_components (id, package_id, component_type, experience_id, price_delta) VALUES ('4a02e8b2-745e-43e8-9511-aaae54688639', '11fcfb9c-37e2-426a-994a-7d5a468489b3', 'included_experience', '92000970-0ae5-47ab-9532-23052e26f73c', 0);
INSERT INTO package_components (id, package_id, component_type, experience_id, price_delta) VALUES ('b10b85d2-d49f-4e58-aa2b-ba8a91e7760b', '11fcfb9c-37e2-426a-994a-7d5a468489b3', 'hotel_upgrade', NULL, 30960);
INSERT INTO package_components (id, package_id, component_type, experience_id, price_delta) VALUES ('3101c7dd-59d0-4a65-b7bd-761b71708178', '11fcfb9c-37e2-426a-994a-7d5a468489b3', 'extra_day', NULL, 19350);
INSERT INTO package_components (id, package_id, component_type, experience_id, price_delta) VALUES ('80dd51cc-268a-4755-9d53-ee93f28ce3d4', '62253fc3-9adc-4880-890d-41aa37d65d9f', 'included_experience', '9327a9e1-9233-4602-807d-575aae59315c', 0);
INSERT INTO package_components (id, package_id, component_type, experience_id, price_delta) VALUES ('b6af9ed4-9e90-4d67-9bb8-576d282d7055', '62253fc3-9adc-4880-890d-41aa37d65d9f', 'included_experience', 'aae6b702-de1f-4f2a-9fc5-834fdc4756be', 0);
INSERT INTO package_components (id, package_id, component_type, experience_id, price_delta) VALUES ('e853119c-2565-4eea-a38c-6d17e6ab9b56', '62253fc3-9adc-4880-890d-41aa37d65d9f', 'hotel_upgrade', NULL, 9900);
INSERT INTO package_components (id, package_id, component_type, experience_id, price_delta) VALUES ('cb409724-d686-4406-bc09-a03a321785b0', '62253fc3-9adc-4880-890d-41aa37d65d9f', 'extra_day', NULL, 9900);
INSERT INTO package_components (id, package_id, component_type, experience_id, price_delta) VALUES ('39987191-ef67-4192-9809-02ecf4aafbfa', '70340aec-f4ca-4833-9cc3-999d9a61d4ac', 'included_experience', '9327a9e1-9233-4602-807d-575aae59315c', 0);
INSERT INTO package_components (id, package_id, component_type, experience_id, price_delta) VALUES ('5dfed426-413b-4a69-896c-b4837a1ea896', '70340aec-f4ca-4833-9cc3-999d9a61d4ac', 'included_experience', 'c3b2142f-7e65-444f-9f74-09647a648394', 0);
INSERT INTO package_components (id, package_id, component_type, experience_id, price_delta) VALUES ('029b7321-83dc-4152-985f-c9922a1f02c6', '70340aec-f4ca-4833-9cc3-999d9a61d4ac', 'included_experience', 'dcfdfae5-0426-4b6a-97b9-af2396820af2', 0);
INSERT INTO package_components (id, package_id, component_type, experience_id, price_delta) VALUES ('2699bf30-eb0c-4f95-b562-f287bfd6a81d', '70340aec-f4ca-4833-9cc3-999d9a61d4ac', 'hotel_upgrade', NULL, 15840);
INSERT INTO package_components (id, package_id, component_type, experience_id, price_delta) VALUES ('74d7d075-1497-47e1-b92d-e36eaaf6baf0', '70340aec-f4ca-4833-9cc3-999d9a61d4ac', 'extra_day', NULL, 13200);
INSERT INTO package_components (id, package_id, component_type, experience_id, price_delta) VALUES ('f5046c87-0f76-49b9-9d8c-4a0c3ca5c87b', 'fda42671-cd7a-4dc9-a326-1b6a7159c2a1', 'included_experience', '9327a9e1-9233-4602-807d-575aae59315c', 0);
INSERT INTO package_components (id, package_id, component_type, experience_id, price_delta) VALUES ('a80d75f3-5166-499f-82ae-8940b3363d0a', 'fda42671-cd7a-4dc9-a326-1b6a7159c2a1', 'included_experience', 'aae6b702-de1f-4f2a-9fc5-834fdc4756be', 0);
INSERT INTO package_components (id, package_id, component_type, experience_id, price_delta) VALUES ('4281cdf1-4033-4817-877e-73baa94ccce2', 'fda42671-cd7a-4dc9-a326-1b6a7159c2a1', 'included_experience', 'c3b2142f-7e65-444f-9f74-09647a648394', 0);
INSERT INTO package_components (id, package_id, component_type, experience_id, price_delta) VALUES ('0e091e8a-9976-42ce-8c83-f0412ba081d6', 'fda42671-cd7a-4dc9-a326-1b6a7159c2a1', 'included_experience', 'dcfdfae5-0426-4b6a-97b9-af2396820af2', 0);
INSERT INTO package_components (id, package_id, component_type, experience_id, price_delta) VALUES ('cef899f2-b06a-4c12-ad67-885e47fb599e', 'fda42671-cd7a-4dc9-a326-1b6a7159c2a1', 'hotel_upgrade', NULL, 23400);
INSERT INTO package_components (id, package_id, component_type, experience_id, price_delta) VALUES ('9339476a-081a-4bd9-9e21-7f87f813f283', 'fda42671-cd7a-4dc9-a326-1b6a7159c2a1', 'extra_day', NULL, 16714);
INSERT INTO package_components (id, package_id, component_type, experience_id, price_delta) VALUES ('e66bb09a-e67c-4bd7-b710-00efddd760ec', 'c90c837b-7b51-493c-80d8-324334859add', 'included_experience', 'fd06cc58-80a5-46d1-946d-7d864756acff', 0);
INSERT INTO package_components (id, package_id, component_type, experience_id, price_delta) VALUES ('859b8a67-8bf8-4d42-8307-c89e40be1bc1', 'c90c837b-7b51-493c-80d8-324334859add', 'included_experience', '6778fc99-2f23-4ddf-bb73-0874a80e6fa9', 0);
INSERT INTO package_components (id, package_id, component_type, experience_id, price_delta) VALUES ('cc273e39-ed4b-45a2-90a0-1cad7a3c390f', 'c90c837b-7b51-493c-80d8-324334859add', 'included_experience', '7a073abd-8463-47ae-b53b-4033bf80f9f5', 0);
INSERT INTO package_components (id, package_id, component_type, experience_id, price_delta) VALUES ('c9299f55-ff94-41e8-ad21-97aa65bb7e43', 'c90c837b-7b51-493c-80d8-324334859add', 'hotel_upgrade', NULL, 10440);
INSERT INTO package_components (id, package_id, component_type, experience_id, price_delta) VALUES ('5325c647-d63f-4946-a3be-6ddcf2cab90e', 'c90c837b-7b51-493c-80d8-324334859add', 'extra_day', NULL, 10440);
INSERT INTO package_components (id, package_id, component_type, experience_id, price_delta) VALUES ('697ad14f-dd1a-4a7a-b420-8a2580b0c671', '66e200b3-0327-4cc5-9e3f-9a42e872e016', 'included_experience', 'fd06cc58-80a5-46d1-946d-7d864756acff', 0);
INSERT INTO package_components (id, package_id, component_type, experience_id, price_delta) VALUES ('ec0eef77-b83b-4aa4-9b97-b529a3c958ce', '66e200b3-0327-4cc5-9e3f-9a42e872e016', 'included_experience', '123bec54-f3b8-407b-a453-6ddfb530c916', 0);
INSERT INTO package_components (id, package_id, component_type, experience_id, price_delta) VALUES ('0150c5ee-6f04-4f54-abd2-d28ac6291e08', '66e200b3-0327-4cc5-9e3f-9a42e872e016', 'included_experience', '6778fc99-2f23-4ddf-bb73-0874a80e6fa9', 0);
INSERT INTO package_components (id, package_id, component_type, experience_id, price_delta) VALUES ('a10078e4-9a7b-4119-98ce-130c9f15c930', '66e200b3-0327-4cc5-9e3f-9a42e872e016', 'hotel_upgrade', NULL, 16560);
INSERT INTO package_components (id, package_id, component_type, experience_id, price_delta) VALUES ('17807a59-ee0c-439c-8c48-eaf64489c061', '66e200b3-0327-4cc5-9e3f-9a42e872e016', 'extra_day', NULL, 13800);
INSERT INTO package_components (id, package_id, component_type, experience_id, price_delta) VALUES ('a304d975-ef5b-421d-bbb7-46009051662f', '7111b756-6694-4e07-bae1-2ba06147ce39', 'included_experience', 'fd06cc58-80a5-46d1-946d-7d864756acff', 0);
INSERT INTO package_components (id, package_id, component_type, experience_id, price_delta) VALUES ('67dda9c5-cf9f-4b30-8362-33818f927da5', '7111b756-6694-4e07-bae1-2ba06147ce39', 'included_experience', '123bec54-f3b8-407b-a453-6ddfb530c916', 0);
INSERT INTO package_components (id, package_id, component_type, experience_id, price_delta) VALUES ('f4a41c11-8738-4820-9efc-fb15a344bc95', '7111b756-6694-4e07-bae1-2ba06147ce39', 'included_experience', '7a073abd-8463-47ae-b53b-4033bf80f9f5', 0);
INSERT INTO package_components (id, package_id, component_type, experience_id, price_delta) VALUES ('879d9d11-4570-4f81-a8da-a7cbcad4ab8a', '7111b756-6694-4e07-bae1-2ba06147ce39', 'included_experience', '6778fc99-2f23-4ddf-bb73-0874a80e6fa9', 0);
INSERT INTO package_components (id, package_id, component_type, experience_id, price_delta) VALUES ('79f80e89-5772-43e4-bf8b-76818bf83eff', '7111b756-6694-4e07-bae1-2ba06147ce39', 'hotel_upgrade', NULL, 24300);
INSERT INTO package_components (id, package_id, component_type, experience_id, price_delta) VALUES ('4612e524-69b3-4548-b85c-2d3f18522685', '7111b756-6694-4e07-bae1-2ba06147ce39', 'extra_day', NULL, 17357);
INSERT INTO package_components (id, package_id, component_type, experience_id, price_delta) VALUES ('0dd28669-4d6e-4ce5-b82a-7d04f6b0754c', 'c3c788dd-fba2-4852-b3bb-be983440bd13', 'included_experience', '3f61874e-dfe3-4779-8d2c-b4fe5e4da01d', 0);
INSERT INTO package_components (id, package_id, component_type, experience_id, price_delta) VALUES ('e575fd69-cd18-4792-b203-d2a852176e18', 'c3c788dd-fba2-4852-b3bb-be983440bd13', 'included_experience', 'b2ced78d-2bcf-4221-b97e-25f7955f98d4', 0);
INSERT INTO package_components (id, package_id, component_type, experience_id, price_delta) VALUES ('700a9ddb-468f-4990-bbf2-d9b2773cb837', 'c3c788dd-fba2-4852-b3bb-be983440bd13', 'hotel_upgrade', NULL, 17100);
INSERT INTO package_components (id, package_id, component_type, experience_id, price_delta) VALUES ('cef56c25-e7ea-45dc-83b8-245d3a66fac5', 'c3c788dd-fba2-4852-b3bb-be983440bd13', 'extra_day', NULL, 17100);
INSERT INTO package_components (id, package_id, component_type, experience_id, price_delta) VALUES ('d005aeb6-e773-4a9b-91ca-49518c4a92ce', '9157ecf4-9a87-4cd0-ae0f-5a0b64ba1ee1', 'included_experience', '3f61874e-dfe3-4779-8d2c-b4fe5e4da01d', 0);
INSERT INTO package_components (id, package_id, component_type, experience_id, price_delta) VALUES ('e89406a8-6797-454e-aa1d-6d7dc97f71dc', '9157ecf4-9a87-4cd0-ae0f-5a0b64ba1ee1', 'included_experience', 'b2ced78d-2bcf-4221-b97e-25f7955f98d4', 0);
INSERT INTO package_components (id, package_id, component_type, experience_id, price_delta) VALUES ('7a9c86c1-6803-435b-8429-a01ef0cdd270', '9157ecf4-9a87-4cd0-ae0f-5a0b64ba1ee1', 'included_experience', '8b8be63e-238a-487a-add0-cc41d0ca06f8', 0);
INSERT INTO package_components (id, package_id, component_type, experience_id, price_delta) VALUES ('644de20e-77b4-47f5-9d2f-38027946c802', '9157ecf4-9a87-4cd0-ae0f-5a0b64ba1ee1', 'hotel_upgrade', NULL, 27900);
INSERT INTO package_components (id, package_id, component_type, experience_id, price_delta) VALUES ('f14942d7-6bdb-40b9-a28f-c7026957375c', '9157ecf4-9a87-4cd0-ae0f-5a0b64ba1ee1', 'extra_day', NULL, 23250);
INSERT INTO package_components (id, package_id, component_type, experience_id, price_delta) VALUES ('1aae3296-e438-437e-a718-3b8e960760ae', '4c10172e-5d4e-4a33-9d1b-ca411981c13d', 'included_experience', '3f61874e-dfe3-4779-8d2c-b4fe5e4da01d', 0);
INSERT INTO package_components (id, package_id, component_type, experience_id, price_delta) VALUES ('a428ab0e-5906-4867-8688-f2f6597eb69b', '4c10172e-5d4e-4a33-9d1b-ca411981c13d', 'included_experience', 'b2ced78d-2bcf-4221-b97e-25f7955f98d4', 0);
INSERT INTO package_components (id, package_id, component_type, experience_id, price_delta) VALUES ('f8cfb7ee-8acd-47ce-9d5e-6d0dd79f1064', '4c10172e-5d4e-4a33-9d1b-ca411981c13d', 'included_experience', '8b8be63e-238a-487a-add0-cc41d0ca06f8', 0);
INSERT INTO package_components (id, package_id, component_type, experience_id, price_delta) VALUES ('09bb2177-02e7-4b21-8139-628df7758a49', '4c10172e-5d4e-4a33-9d1b-ca411981c13d', 'hotel_upgrade', NULL, 42300);
INSERT INTO package_components (id, package_id, component_type, experience_id, price_delta) VALUES ('a872321a-4329-4040-95ba-e4f2deb332c7', '4c10172e-5d4e-4a33-9d1b-ca411981c13d', 'extra_day', NULL, 30214);
INSERT INTO package_components (id, package_id, component_type, experience_id, price_delta) VALUES ('92176cc8-c63d-4577-a305-a4dd77be625d', '716286e6-5a62-458c-8e9a-8bcf9d81b947', 'included_experience', '532cf3b4-8e3f-40a0-b5ca-3725a0a6f46f', 0);
INSERT INTO package_components (id, package_id, component_type, experience_id, price_delta) VALUES ('e3d86c0d-d413-4e4c-8172-f7244154586b', '716286e6-5a62-458c-8e9a-8bcf9d81b947', 'included_experience', 'c2e3e544-6a77-41fe-947c-43d108775d16', 0);
INSERT INTO package_components (id, package_id, component_type, experience_id, price_delta) VALUES ('79c21dfa-71f4-4952-9b7c-8b0a5a0e4cf4', '716286e6-5a62-458c-8e9a-8bcf9d81b947', 'hotel_upgrade', NULL, 11160);
INSERT INTO package_components (id, package_id, component_type, experience_id, price_delta) VALUES ('7e1ca37a-dd53-4152-a41f-71660ea029d3', '716286e6-5a62-458c-8e9a-8bcf9d81b947', 'extra_day', NULL, 11160);
INSERT INTO package_components (id, package_id, component_type, experience_id, price_delta) VALUES ('8cb32ca0-9af8-4c9e-97f2-fa925b14b240', '1b97236a-f2f2-4df9-999f-16f73ac5b4a6', 'included_experience', '532cf3b4-8e3f-40a0-b5ca-3725a0a6f46f', 0);
INSERT INTO package_components (id, package_id, component_type, experience_id, price_delta) VALUES ('2db84f3c-7322-4198-bcd8-46a5124c2464', '1b97236a-f2f2-4df9-999f-16f73ac5b4a6', 'included_experience', '0702765d-b037-4c95-8756-624d5005a555', 0);
INSERT INTO package_components (id, package_id, component_type, experience_id, price_delta) VALUES ('f82c053b-2cf0-41f1-af80-1ab68c48e869', '1b97236a-f2f2-4df9-999f-16f73ac5b4a6', 'included_experience', 'c2e3e544-6a77-41fe-947c-43d108775d16', 0);
INSERT INTO package_components (id, package_id, component_type, experience_id, price_delta) VALUES ('0be0c41c-405b-4304-a8b4-6960d92ed950', '1b97236a-f2f2-4df9-999f-16f73ac5b4a6', 'hotel_upgrade', NULL, 17640);
INSERT INTO package_components (id, package_id, component_type, experience_id, price_delta) VALUES ('411ff247-718a-4512-b786-bd61cda7f996', '1b97236a-f2f2-4df9-999f-16f73ac5b4a6', 'extra_day', NULL, 14700);
INSERT INTO package_components (id, package_id, component_type, experience_id, price_delta) VALUES ('6b8f0634-1da5-4521-a61c-83d0686aba52', '8a2c6e16-1dbf-401f-a2e8-8298b6fab93f', 'included_experience', '532cf3b4-8e3f-40a0-b5ca-3725a0a6f46f', 0);
INSERT INTO package_components (id, package_id, component_type, experience_id, price_delta) VALUES ('79040ee5-4b9d-4ed9-b4d8-3ce82407430b', '8a2c6e16-1dbf-401f-a2e8-8298b6fab93f', 'included_experience', '0702765d-b037-4c95-8756-624d5005a555', 0);
INSERT INTO package_components (id, package_id, component_type, experience_id, price_delta) VALUES ('fd940589-f1d7-472e-97bf-8e94bc9185d4', '8a2c6e16-1dbf-401f-a2e8-8298b6fab93f', 'included_experience', 'c2e3e544-6a77-41fe-947c-43d108775d16', 0);
INSERT INTO package_components (id, package_id, component_type, experience_id, price_delta) VALUES ('91573a0b-37f6-4b60-8d73-9ac8174df323', '8a2c6e16-1dbf-401f-a2e8-8298b6fab93f', 'hotel_upgrade', NULL, 26100);
INSERT INTO package_components (id, package_id, component_type, experience_id, price_delta) VALUES ('0313f0e4-124a-48e8-b8bf-0d47cc1c66fd', '8a2c6e16-1dbf-401f-a2e8-8298b6fab93f', 'extra_day', NULL, 18642);
INSERT INTO package_components (id, package_id, component_type, experience_id, price_delta) VALUES ('bc7d90e7-a8ba-4043-863a-18a7d4e0cd76', '4fbae91a-f26b-4e3b-a4f2-c19df860fa6a', 'included_experience', 'b3e4b9e2-1395-41ac-b7f3-1aed00b1c618', 0);
INSERT INTO package_components (id, package_id, component_type, experience_id, price_delta) VALUES ('c1e727e7-e23c-4ac5-9272-15d84405f516', '4fbae91a-f26b-4e3b-a4f2-c19df860fa6a', 'included_experience', 'c335ae69-724a-4b0b-b105-3da7eb4068a0', 0);
INSERT INTO package_components (id, package_id, component_type, experience_id, price_delta) VALUES ('29a3ef0c-7676-4da8-8f6d-6d44e3c2ab01', '4fbae91a-f26b-4e3b-a4f2-c19df860fa6a', 'hotel_upgrade', NULL, 3240);
INSERT INTO package_components (id, package_id, component_type, experience_id, price_delta) VALUES ('2ebffda9-9d45-4f9f-ab44-d2613af8a02b', '4fbae91a-f26b-4e3b-a4f2-c19df860fa6a', 'extra_day', NULL, 5400);
INSERT INTO package_components (id, package_id, component_type, experience_id, price_delta) VALUES ('201771b8-c9a6-4ffa-a9ad-4548e9e05296', '2509acd8-0a7c-419a-abe7-6c713e417856', 'included_experience', 'b3e4b9e2-1395-41ac-b7f3-1aed00b1c618', 0);
INSERT INTO package_components (id, package_id, component_type, experience_id, price_delta) VALUES ('fdebedbd-772a-49ed-be2d-dcb01d4261b8', '2509acd8-0a7c-419a-abe7-6c713e417856', 'included_experience', '8941bd54-4e0f-4318-bdc5-da4f2956d2f6', 0);
INSERT INTO package_components (id, package_id, component_type, experience_id, price_delta) VALUES ('78a94643-3204-41fc-bbc7-808b14bf5364', '2509acd8-0a7c-419a-abe7-6c713e417856', 'hotel_upgrade', NULL, 5760);
INSERT INTO package_components (id, package_id, component_type, experience_id, price_delta) VALUES ('a0c1bc99-be79-4dc9-87f9-05740bd84633', '2509acd8-0a7c-419a-abe7-6c713e417856', 'extra_day', NULL, 7200);
INSERT INTO package_components (id, package_id, component_type, experience_id, price_delta) VALUES ('461ace61-b764-4293-a828-e1246768db86', 'd7daa912-b5ab-4ed5-99bc-cc9fd33c913a', 'included_experience', 'b3e4b9e2-1395-41ac-b7f3-1aed00b1c618', 0);
INSERT INTO package_components (id, package_id, component_type, experience_id, price_delta) VALUES ('08b2ab82-1992-4f4e-8c4c-55d900058ace', 'd7daa912-b5ab-4ed5-99bc-cc9fd33c913a', 'included_experience', '8941bd54-4e0f-4318-bdc5-da4f2956d2f6', 0);
INSERT INTO package_components (id, package_id, component_type, experience_id, price_delta) VALUES ('3fa59d91-420e-445b-8cd0-8094b338544f', 'd7daa912-b5ab-4ed5-99bc-cc9fd33c913a', 'included_experience', '04f63887-a387-442a-9688-1c2a44647622', 0);
INSERT INTO package_components (id, package_id, component_type, experience_id, price_delta) VALUES ('8ce080c9-e30d-45ae-b834-1a9632710fcf', 'd7daa912-b5ab-4ed5-99bc-cc9fd33c913a', 'hotel_upgrade', NULL, 9360);
INSERT INTO package_components (id, package_id, component_type, experience_id, price_delta) VALUES ('07ee75d6-e82f-460c-bd8c-962a9313dc14', 'd7daa912-b5ab-4ed5-99bc-cc9fd33c913a', 'extra_day', NULL, 9360);
INSERT INTO package_components (id, package_id, component_type, experience_id, price_delta) VALUES ('63f642b0-7fd3-42df-bd36-f5835a9563eb', '88955dbd-48a9-4da6-8880-9ea381a38e81', 'included_experience', '2b47944a-55dc-475f-ae90-c8f805c22c43', 0);
INSERT INTO package_components (id, package_id, component_type, experience_id, price_delta) VALUES ('87e1c300-4fc6-495f-8494-d31dec75a8e5', '88955dbd-48a9-4da6-8880-9ea381a38e81', 'included_experience', 'dd49a471-1e6a-484d-a13c-a9229ba374a0', 0);
INSERT INTO package_components (id, package_id, component_type, experience_id, price_delta) VALUES ('1df5d099-56cc-42b4-bfbf-77b3f9c077bc', '88955dbd-48a9-4da6-8880-9ea381a38e81', 'hotel_upgrade', NULL, 4320);
INSERT INTO package_components (id, package_id, component_type, experience_id, price_delta) VALUES ('c6268197-c104-461b-8d17-07a1aabd069b', '88955dbd-48a9-4da6-8880-9ea381a38e81', 'extra_day', NULL, 5400);
INSERT INTO package_components (id, package_id, component_type, experience_id, price_delta) VALUES ('cb3c0e03-ce4a-40a8-a20c-4df49f56515e', 'aca16972-20d1-45ee-b3dc-34764a038774', 'included_experience', '2b47944a-55dc-475f-ae90-c8f805c22c43', 0);
INSERT INTO package_components (id, package_id, component_type, experience_id, price_delta) VALUES ('bfe2e670-f0d9-4e80-8316-8dbba6a8d95c', 'aca16972-20d1-45ee-b3dc-34764a038774', 'included_experience', '5f6bdb3a-475f-4502-9b38-d7f72f1fea19', 0);
INSERT INTO package_components (id, package_id, component_type, experience_id, price_delta) VALUES ('227ae26c-903e-49bf-8b85-17bf81260f48', 'aca16972-20d1-45ee-b3dc-34764a038774', 'hotel_upgrade', NULL, 6840);
INSERT INTO package_components (id, package_id, component_type, experience_id, price_delta) VALUES ('8a67445a-5771-4674-abab-cf65711bbb5c', 'aca16972-20d1-45ee-b3dc-34764a038774', 'extra_day', NULL, 6840);
INSERT INTO package_components (id, package_id, component_type, experience_id, price_delta) VALUES ('d9970b3e-756a-4b6d-8ecb-4e622d702fba', '419080e7-e30d-40e1-9cb8-35609241b98b', 'included_experience', '2b47944a-55dc-475f-ae90-c8f805c22c43', 0);
INSERT INTO package_components (id, package_id, component_type, experience_id, price_delta) VALUES ('e7ad5192-e3f4-4c98-8e22-e0099f00a456', '419080e7-e30d-40e1-9cb8-35609241b98b', 'included_experience', '5f6bdb3a-475f-4502-9b38-d7f72f1fea19', 0);
INSERT INTO package_components (id, package_id, component_type, experience_id, price_delta) VALUES ('1168b346-d8ac-4f9c-8ff1-7cc36d656f9a', '419080e7-e30d-40e1-9cb8-35609241b98b', 'included_experience', 'dd49a471-1e6a-484d-a13c-a9229ba374a0', 0);
INSERT INTO package_components (id, package_id, component_type, experience_id, price_delta) VALUES ('bad8c6a6-c170-4756-8291-c4cc543bc359', '419080e7-e30d-40e1-9cb8-35609241b98b', 'hotel_upgrade', NULL, 10440);
INSERT INTO package_components (id, package_id, component_type, experience_id, price_delta) VALUES ('20bff6d4-ddbd-481e-b2be-4540e66ff616', '419080e7-e30d-40e1-9cb8-35609241b98b', 'extra_day', NULL, 8700);
INSERT INTO package_components (id, package_id, component_type, experience_id, price_delta) VALUES ('5a1b3821-24d6-4dd1-8100-89edc584284f', '2c36e401-cddd-4604-bfb0-1fb13c2a1cf4', 'included_experience', 'cf328b9b-439b-4bf5-9471-1ab10750a0e8', 0);
INSERT INTO package_components (id, package_id, component_type, experience_id, price_delta) VALUES ('ac89bd10-0703-4395-94e5-76951db0ebbc', '2c36e401-cddd-4604-bfb0-1fb13c2a1cf4', 'included_experience', '87820775-4a4a-4c62-a9b1-199778c6ef80', 0);
INSERT INTO package_components (id, package_id, component_type, experience_id, price_delta) VALUES ('ace53bb7-8c35-488d-9152-0049d3db859e', '2c36e401-cddd-4604-bfb0-1fb13c2a1cf4', 'hotel_upgrade', NULL, 2970);
INSERT INTO package_components (id, package_id, component_type, experience_id, price_delta) VALUES ('7ff2729d-f5f1-4b1d-a932-68ee9cdb554c', '2c36e401-cddd-4604-bfb0-1fb13c2a1cf4', 'extra_day', NULL, 4950);
INSERT INTO package_components (id, package_id, component_type, experience_id, price_delta) VALUES ('730742c7-4dcf-4fe1-ba74-db4f67401d08', '8770c90c-76f8-40b4-b8e1-5f1e72241a4b', 'included_experience', 'cf328b9b-439b-4bf5-9471-1ab10750a0e8', 0);
INSERT INTO package_components (id, package_id, component_type, experience_id, price_delta) VALUES ('33048b05-c891-4548-9f53-deeeda271c2e', '8770c90c-76f8-40b4-b8e1-5f1e72241a4b', 'included_experience', '72f06827-6939-4a56-8cd5-d23fe266a2b0', 0);
INSERT INTO package_components (id, package_id, component_type, experience_id, price_delta) VALUES ('561ac589-7af6-461f-bf59-2e91cba4d0dd', '8770c90c-76f8-40b4-b8e1-5f1e72241a4b', 'hotel_upgrade', NULL, 5040);
INSERT INTO package_components (id, package_id, component_type, experience_id, price_delta) VALUES ('9ae18fc7-ba34-4728-b03a-0ffc07adafcf', '8770c90c-76f8-40b4-b8e1-5f1e72241a4b', 'extra_day', NULL, 6300);
INSERT INTO package_components (id, package_id, component_type, experience_id, price_delta) VALUES ('84176a68-b059-4bfd-9c61-4ea11d673653', '0d121d2b-80c4-4b37-9205-d398bf52b807', 'included_experience', 'cf328b9b-439b-4bf5-9471-1ab10750a0e8', 0);
INSERT INTO package_components (id, package_id, component_type, experience_id, price_delta) VALUES ('4794bdc2-a8c4-4f5c-b3ae-48b355d0339a', '0d121d2b-80c4-4b37-9205-d398bf52b807', 'included_experience', '72f06827-6939-4a56-8cd5-d23fe266a2b0', 0);
INSERT INTO package_components (id, package_id, component_type, experience_id, price_delta) VALUES ('51393d73-1891-4503-b1c4-a9b4c81d614f', '0d121d2b-80c4-4b37-9205-d398bf52b807', 'included_experience', '87820775-4a4a-4c62-a9b1-199778c6ef80', 0);
INSERT INTO package_components (id, package_id, component_type, experience_id, price_delta) VALUES ('c88ff38b-c586-4682-8823-cc12558ec9ce', '0d121d2b-80c4-4b37-9205-d398bf52b807', 'hotel_upgrade', NULL, 8100);
INSERT INTO package_components (id, package_id, component_type, experience_id, price_delta) VALUES ('288e98f8-884a-44e9-95c1-e448712e13b8', '0d121d2b-80c4-4b37-9205-d398bf52b807', 'extra_day', NULL, 8100);
INSERT INTO package_components (id, package_id, component_type, experience_id, price_delta) VALUES ('2ca47bc6-e50c-4258-8315-6e4cd45d93d9', 'b8f04040-4eca-4f58-b3bd-1e1fa8faf23d', 'included_experience', '675d86b4-5816-48d5-b327-fa826b47aec3', 0);
INSERT INTO package_components (id, package_id, component_type, experience_id, price_delta) VALUES ('2dde56b5-9ea1-4a0c-a75e-8071c1de469b', 'b8f04040-4eca-4f58-b3bd-1e1fa8faf23d', 'included_experience', '86fd293a-b8f3-42c7-8383-0caa59ed81ae', 0);
INSERT INTO package_components (id, package_id, component_type, experience_id, price_delta) VALUES ('942bcee9-629d-4024-b88e-2af7739e4bfa', 'b8f04040-4eca-4f58-b3bd-1e1fa8faf23d', 'hotel_upgrade', NULL, 4680);
INSERT INTO package_components (id, package_id, component_type, experience_id, price_delta) VALUES ('f1a95e5e-9c69-4116-8407-6c4c1ced77dc', 'b8f04040-4eca-4f58-b3bd-1e1fa8faf23d', 'extra_day', NULL, 5850);
INSERT INTO package_components (id, package_id, component_type, experience_id, price_delta) VALUES ('ed501b9d-2f92-492c-b8e6-b79b0da37808', '86ec892a-34f1-4628-be8b-29cdcecf3795', 'included_experience', '675d86b4-5816-48d5-b327-fa826b47aec3', 0);
INSERT INTO package_components (id, package_id, component_type, experience_id, price_delta) VALUES ('f81adc84-10e1-46a6-917d-beb380eafd8f', '86ec892a-34f1-4628-be8b-29cdcecf3795', 'included_experience', '9206e8df-8ed6-4a0d-bdb0-c408da6db0ae', 0);
INSERT INTO package_components (id, package_id, component_type, experience_id, price_delta) VALUES ('841aac7a-9997-4f12-aa02-1be7dbd8d09f', '86ec892a-34f1-4628-be8b-29cdcecf3795', 'hotel_upgrade', NULL, 7560);
INSERT INTO package_components (id, package_id, component_type, experience_id, price_delta) VALUES ('a238165e-949f-4c41-b635-85a0d8eae175', '86ec892a-34f1-4628-be8b-29cdcecf3795', 'extra_day', NULL, 7560);
INSERT INTO package_components (id, package_id, component_type, experience_id, price_delta) VALUES ('ff0b2c0d-bb6c-43dc-bc36-966bb97afcb1', '32c65397-490e-4b52-953d-1c9103ff7a4d', 'included_experience', '675d86b4-5816-48d5-b327-fa826b47aec3', 0);
INSERT INTO package_components (id, package_id, component_type, experience_id, price_delta) VALUES ('3d1abd4d-7849-4ac8-bc88-464e2fd0cd94', '32c65397-490e-4b52-953d-1c9103ff7a4d', 'included_experience', '9206e8df-8ed6-4a0d-bdb0-c408da6db0ae', 0);
INSERT INTO package_components (id, package_id, component_type, experience_id, price_delta) VALUES ('afc07ae6-e8db-4283-b7e8-a262c5f017df', '32c65397-490e-4b52-953d-1c9103ff7a4d', 'included_experience', '86fd293a-b8f3-42c7-8383-0caa59ed81ae', 0);
INSERT INTO package_components (id, package_id, component_type, experience_id, price_delta) VALUES ('14ce502d-d539-4942-bf7a-7db832952011', '32c65397-490e-4b52-953d-1c9103ff7a4d', 'hotel_upgrade', NULL, 12240);
INSERT INTO package_components (id, package_id, component_type, experience_id, price_delta) VALUES ('94c186b1-e4ba-4c1a-92e9-87676eef7071', '32c65397-490e-4b52-953d-1c9103ff7a4d', 'extra_day', NULL, 10200);
INSERT INTO package_components (id, package_id, component_type, experience_id, price_delta) VALUES ('645dea30-476a-4451-a5ed-7a378173edc8', '2350f42a-1eb5-42d7-9963-11a1a7b4ba63', 'included_experience', '5bad2a9d-73f9-4868-aa5e-c813002a8ede', 0);
INSERT INTO package_components (id, package_id, component_type, experience_id, price_delta) VALUES ('d557d7d5-f164-4057-81a6-eb5a50d6a1ec', '2350f42a-1eb5-42d7-9963-11a1a7b4ba63', 'included_experience', '24022c68-5f82-4186-a909-10dcf04f63b8', 0);
INSERT INTO package_components (id, package_id, component_type, experience_id, price_delta) VALUES ('8d9252c9-e5c7-4c0e-9f63-94a1a5c7d7d1', '2350f42a-1eb5-42d7-9963-11a1a7b4ba63', 'hotel_upgrade', NULL, 5760);
INSERT INTO package_components (id, package_id, component_type, experience_id, price_delta) VALUES ('09d35b75-c6d5-45fb-9865-7605b4213221', '2350f42a-1eb5-42d7-9963-11a1a7b4ba63', 'extra_day', NULL, 7200);
INSERT INTO package_components (id, package_id, component_type, experience_id, price_delta) VALUES ('622ca48b-6d05-4c55-af42-b90cf1ede350', '0ba1b761-f2d9-4fd5-8cf4-ec2d6e0746c7', 'included_experience', '5bad2a9d-73f9-4868-aa5e-c813002a8ede', 0);
INSERT INTO package_components (id, package_id, component_type, experience_id, price_delta) VALUES ('e503d91c-9a6d-4f3a-8655-9d6b3ab71489', '0ba1b761-f2d9-4fd5-8cf4-ec2d6e0746c7', 'included_experience', '8127fdba-5b4b-4edc-8902-9cdbd9d7b82b', 0);
INSERT INTO package_components (id, package_id, component_type, experience_id, price_delta) VALUES ('fd0dee59-f1d4-4d4d-88f9-0de97bba2b6a', '0ba1b761-f2d9-4fd5-8cf4-ec2d6e0746c7', 'hotel_upgrade', NULL, 9360);
INSERT INTO package_components (id, package_id, component_type, experience_id, price_delta) VALUES ('2f8da170-8310-4500-adea-4886fd7f392a', '0ba1b761-f2d9-4fd5-8cf4-ec2d6e0746c7', 'extra_day', NULL, 9360);
INSERT INTO package_components (id, package_id, component_type, experience_id, price_delta) VALUES ('9cba3a4d-64d8-465e-9011-c9618973640f', '152f0284-d3b7-44a1-8a98-a32f787a4e5f', 'included_experience', '5bad2a9d-73f9-4868-aa5e-c813002a8ede', 0);
INSERT INTO package_components (id, package_id, component_type, experience_id, price_delta) VALUES ('c736bc98-fc21-4a8c-8b5f-828f1fef9449', '152f0284-d3b7-44a1-8a98-a32f787a4e5f', 'included_experience', '8127fdba-5b4b-4edc-8902-9cdbd9d7b82b', 0);
INSERT INTO package_components (id, package_id, component_type, experience_id, price_delta) VALUES ('d2322e2e-50b6-489c-be81-376ca5a74e5b', '152f0284-d3b7-44a1-8a98-a32f787a4e5f', 'included_experience', '24022c68-5f82-4186-a909-10dcf04f63b8', 0);
INSERT INTO package_components (id, package_id, component_type, experience_id, price_delta) VALUES ('3f06b5e8-a1e7-4a6a-b87a-f844d88f5dba', '152f0284-d3b7-44a1-8a98-a32f787a4e5f', 'hotel_upgrade', NULL, 14040);
INSERT INTO package_components (id, package_id, component_type, experience_id, price_delta) VALUES ('e4f2e7f1-b9fb-4358-bbe4-fdf8b0c8fc72', '152f0284-d3b7-44a1-8a98-a32f787a4e5f', 'extra_day', NULL, 11700);
INSERT INTO package_components (id, package_id, component_type, experience_id, price_delta) VALUES ('49e829a8-6678-444f-97ed-fc81e087da10', '4bb0084e-52fc-4acd-ae3a-9698f7355002', 'included_experience', '350a7c3c-010e-4d54-9bc2-807dd300a3d1', 0);
INSERT INTO package_components (id, package_id, component_type, experience_id, price_delta) VALUES ('103880d1-73ad-47e7-a6b4-521bf422e4e0', '4bb0084e-52fc-4acd-ae3a-9698f7355002', 'included_experience', '1673a368-6873-42ad-a8e3-edd6e8f56810', 0);
INSERT INTO package_components (id, package_id, component_type, experience_id, price_delta) VALUES ('d5b9b28a-2289-4949-8ead-ce80be8718fc', '4bb0084e-52fc-4acd-ae3a-9698f7355002', 'hotel_upgrade', NULL, 5400);
INSERT INTO package_components (id, package_id, component_type, experience_id, price_delta) VALUES ('9dd3593e-f4a9-41ba-b30c-a6f76bf634f8', '4bb0084e-52fc-4acd-ae3a-9698f7355002', 'extra_day', NULL, 6750);
INSERT INTO package_components (id, package_id, component_type, experience_id, price_delta) VALUES ('b0d45f2d-e02e-4591-a12d-f544171dfd9a', 'bde34a11-4b2b-4119-bf0c-d03447d64170', 'included_experience', '350a7c3c-010e-4d54-9bc2-807dd300a3d1', 0);
INSERT INTO package_components (id, package_id, component_type, experience_id, price_delta) VALUES ('72235fb7-417c-4a2a-979f-40f3d38677e9', 'bde34a11-4b2b-4119-bf0c-d03447d64170', 'included_experience', '5eb47ae6-6007-47b9-9020-361511b593c1', 0);
INSERT INTO package_components (id, package_id, component_type, experience_id, price_delta) VALUES ('ce98f0c2-ffc3-49b9-bd59-5128db1d2d40', 'bde34a11-4b2b-4119-bf0c-d03447d64170', 'hotel_upgrade', NULL, 8640);
INSERT INTO package_components (id, package_id, component_type, experience_id, price_delta) VALUES ('14016956-d702-42dc-b2ef-ee7ca3673feb', 'bde34a11-4b2b-4119-bf0c-d03447d64170', 'extra_day', NULL, 8640);
INSERT INTO package_components (id, package_id, component_type, experience_id, price_delta) VALUES ('1be27a91-d5e7-4832-b9df-60bb6d1afcb5', 'be3e76ff-c911-4bb8-a340-f68919c65cfb', 'included_experience', '350a7c3c-010e-4d54-9bc2-807dd300a3d1', 0);
INSERT INTO package_components (id, package_id, component_type, experience_id, price_delta) VALUES ('5221232d-6a2a-4b74-9dfb-af64e763ced4', 'be3e76ff-c911-4bb8-a340-f68919c65cfb', 'included_experience', '5eb47ae6-6007-47b9-9020-361511b593c1', 0);
INSERT INTO package_components (id, package_id, component_type, experience_id, price_delta) VALUES ('bda84847-9164-48e3-b4fb-7a42d10e7937', 'be3e76ff-c911-4bb8-a340-f68919c65cfb', 'included_experience', '1673a368-6873-42ad-a8e3-edd6e8f56810', 0);
INSERT INTO package_components (id, package_id, component_type, experience_id, price_delta) VALUES ('c3df576d-3888-4b86-9249-2f07d27c6b8d', 'be3e76ff-c911-4bb8-a340-f68919c65cfb', 'hotel_upgrade', NULL, 12960);
INSERT INTO package_components (id, package_id, component_type, experience_id, price_delta) VALUES ('534fc434-c2e9-4e8e-99b0-5aca7edb93aa', 'be3e76ff-c911-4bb8-a340-f68919c65cfb', 'extra_day', NULL, 10800);